Area,Rainfall,Temperature,yield,Crops
1279,2903.1,27.0,2570.0,Coconut
13283,2903.1,27.0,27170.0,Coconut
52119,2903.1,27.0,114744.0,Coconut
725,2996.6,27.0,1402.0,Coconut
12885,2996.6,27.0,23456.0,Coconut
51179,2996.6,27.0,107809.0,Coconut
468,3522.8,27.2,1132.0,Coconut
11841,3522.8,27.2,23960.0,Coconut
50975,3522.8,27.2,126487.0,Coconut
206,3729.8,27.0,804.0,Coconut
10922,3729.8,27.0,30362.0,Coconut
51390,3729.8,27.0,124492.0,Coconut
177,2746.2,27.0,792.0,Coconut
10723,2746.2,27.0,34153.0,Coconut
51709,2746.2,27.0,132551.0,Coconut
146,3360.0,27.2,338.0,Coconut
10910,3360.0,27.2,22966.0,Coconut
51355,3360.0,27.2,131763.0,Coconut
160,3605.4,27.1,404.0,Coconut
10912,3605.4,27.1,24184.0,Coconut
51353,3605.4,27.1,124387.0,Coconut
142,3512.4,26.8,343.0,Coconut
10505,3512.4,26.8,23099.0,Coconut
51040,3512.4,26.8,117825.84,Coconut
154,3296.0,37.0,336.0,Coconut
10318,3296.0,37.0,22594.0,Coconut
48083,3296.0,37.0,116481.07,Coconut
143,3550.0,38.0,316.0,Coconut
9283,3550.0,38.0,21400.0,Coconut
47200,3550.0,38.0,122102.0,Coconut
158,3654.0,39.0,382.0,Coconut
8982,3654.0,39.0,19578.0,Coconut
46990,3654.0,39.0,121037.0,Coconut
103,233.0,40.0,231.0,Coconut
8239,233.0,40.0,18951.0,Coconut
44563,233.0,40.0,110579.0,Coconut
96,234.0,41.0,221.0,Coconut
6949,234.0,41.0,15362.0,Coconut
44663,234.0,41.0,120373.0,Coconut
110,3105.0,42.0,291.0,Coconut
6824,3105.0,42.0,17231.0,Coconut
43013,3105.0,42.0,119359.0,Coconut
95,236.0,43.0,283.0,Coconut
6441,236.0,43.0,17690.0,Coconut
4012,2903.1,27.0,7157.0,Coconut
4877,2903.1,27.0,8700.0,Coconut
4930,2903.1,27.0,41266.0,Coconut
4954,2996.6,27.0,8838.0,Coconut
5019,2996.6,27.0,8954.0,Coconut
5127,2996.6,27.0,42915.0,Coconut
5174,3522.8,27.2,9230.0,Coconut
5294,3522.8,27.2,44313.0,Coconut
5474,3522.8,27.2,45820.0,Coconut
5864,3729.8,27.0,49084.0,Coconut
7028,3729.8,27.0,86311.0,Coconut
7403,3729.8,27.0,57642.0,Coconut
7501,2746.2,27.0,58405.0,Coconut
7714,2746.2,27.0,60751.0,Coconut
7856,2746.2,27.0,109506.0,Coconut
32,3360.0,27.2,114.0,Coconut
1,3360.0,27.2,3.0,Coconut
30,3360.0,27.2,95.0,Coconut
6,3605.4,27.1,19.0,Coconut
15,3605.4,27.1,54.0,Coconut
4,3605.4,27.1,13.0,Coconut
39,3512.4,26.8,123.0,Coconut
6,3512.4,26.8,19.0,Coconut
12,3512.4,26.8,32.0,Coconut
3,3296.0,37.0,8.0,Coconut
17,3296.0,37.0,50.0,Coconut
3,3296.0,37.0,10.0,Coconut
9,3550.0,38.0,29.0,Coconut
21,3550.0,38.0,44.0,Coconut
11,3550.0,38.0,33.0,Coconut
4,3654.0,39.0,14.0,Coconut
15,3654.0,39.0,56.0,Coconut
8,3654.0,39.0,26.0,Coconut
29,233.0,40.0,98.0,Coconut
1,233.0,40.0,3.0,Coconut
13736,233.0,40.0,58637.0,Coconut
14003,234.0,41.0,59777.0,Coconut
14179,234.0,41.0,60528.0,Coconut
14319,234.0,41.0,61126.0,Coconut
14464,3105.0,42.0,623687.0,Coconut
14876,3105.0,42.0,63504.0,Coconut
14976,3105.0,42.0,63931.0,Coconut
15009,236.0,43.0,73730.0,Coconut
15114,2903.1,27.0,118416.0,Coconut
16224,2903.1,27.0,130132.0,Coconut
17095,2903.1,27.0,154889.0,Coconut
17512,2996.6,27.0,171739.0,Coconut
17587,2996.6,27.0,172475.0,Coconut
17771,2996.6,27.0,177939.0,Coconut
17825,3522.8,27.2,313547.0,Coconut
3147,3522.8,27.2,2783.0,Coconut
2578,3522.8,27.2,1533.0,Coconut
1591,3729.8,27.0,1647.0,Coconut
1298,3729.8,27.0,975.0,Coconut
4,3729.8,27.0,2.0,Coconut
1122,2746.2,27.0,836.0,Coconut
917,2746.2,27.0,806.0,Coconut
819,2746.2,27.0,880.0,Coconut
619,3360.0,27.2,770.0,Coconut
391,3360.0,27.2,395.0,Coconut
211,3360.0,27.2,187.0,Coconut
153,3605.4,27.1,187.0,Coconut
111,3605.4,27.1,121.0,Coconut
76,3605.4,27.1,103.0,Coconut
53,3512.4,26.8,71.0,Coconut
2688,3512.4,26.8,3961.0,Coconut
2311,3512.4,26.8,4247.0,Coconut
2188,3296.0,37.0,3290.0,Coconut
1998,3296.0,37.0,3138.0,Coconut
2006,3296.0,37.0,3423.0,Coconut
2034,3550.0,38.0,3899.0,Coconut
2035,3550.0,38.0,4015.0,Coconut
2074,3550.0,38.0,4279.0,Coconut
2127,3654.0,39.0,4167.0,Coconut
2090,3654.0,39.0,4479.0,Coconut
2059,3654.0,39.0,3699.0,Coconut
2050,233.0,40.0,4904.0,Coconut
1865,233.0,40.0,2821.0,Coconut
1841,233.0,40.0,3472.0,Coconut
1799,234.0,41.0,3647.0,Coconut
1468,234.0,41.0,393.0,Coconut
568,234.0,41.0,167.0,Coconut
407,3105.0,42.0,71.0,Coconut
177,3105.0,42.0,52.0,Coconut
51,3105.0,42.0,12.0,Coconut
173,236.0,43.0,51.0,Coconut
201,236.0,43.0,61.0,Coconut
206,321.0,128.0,67.0,Cocoa
243,3654.0,129.0,62.0,Cocoa
123,323.0,130.0,32.0,Cocoa
82,324.0,131.0,22.0,Cocoa
74,3105.0,132.0,25.0,Cocoa
18,326.0,133.0,4.0,Cocoa
37,327.0,134.0,9.0,Coffee
35,328.0,135.0,12.0,Coffee
5974,2903.1,136.0,2089.0,Coffee
6631,2903.1,137.0,2810.0,Coffee
6705,2903.1,138.0,841.0,Coffee
5876,2996.6,139.0,3550.0,Coffee
326,2996.6,140.0,109.0,Coffee
6470,2996.6,141.0,3368.0,Coffee
6709,3522.8,142.0,3671.0,Coffee
6186,3522.8,143.0,2404.0,Coffee
6503,3522.8,144.0,2805.0,Coffee
5220,3729.8,145.0,2331.0,Coffee
4677,3729.8,146.0,2088.0,Coffee
4803,3729.8,147.0,2628.0,Coffee
3739,2746.2,148.0,1939.0,Coffee
3529,2746.2,149.0,1871.0,Cardamum
3649,2746.2,150.0,1868.0,Cardamum
1374,3360.0,151.0,127919.0,Cardamum
933,3360.0,152.0,75340.0,Cardamum
345,3360.0,153.0,29170.0,Cardamum
29,3605.4,154.0,1901.0,Cardamum
11,3605.4,155.0,972.0,Cardamum
10,3605.4,156.0,874.0,Cardamum
7,3512.4,157.0,592.0,Cardamum
10,3512.4,158.0,864.0,Cardamum
56,3512.4,159.0,5373.0,Cardamum
68,3296.0,160.0,6589.0,Cardamum
56,3296.0,161.0,5107.0,Cardamum
66,3296.0,162.0,5518.0,Cardamum
55,3550.0,163.0,4912.0,Cardamum
42,3550.0,164.0,3830.0,Pepper
51179,3550.0,165.0,4.0,Pepper
468,3654.0,166.0,9.0,Pepper
11841,3654.0,167.0,12.0,Pepper
50975,3654.0,168.0,2089.0,Pepper
206,233.0,169.0,2810.0,Pepper
10922,233.0,170.0,841.0,Pepper
51390,233.0,171.0,3550.0,Pepper
177,234.0,172.0,109.0,Pepper
10723,234.0,173.0,3368.0,Pepper
51709,234.0,174.0,3671.0,Pepper
146,3105.0,175.0,2404.0,Pepper
10910,3105.0,176.0,2805.0,Pepper
51355,3105.0,177.0,2331.0,Pepper
160,236.0,178.0,2088.0,Pepper
10912,236.0,179.0,2628.0,Arecanut
51353,2903.1,180.0,1939.0,Arecanut
142,2903.1,181.0,1871.0,Arecanut
10505,2903.1,182.0,1868.0,Arecanut
51040,2996.6,183.0,127919.0,Arecanut
154,2996.6,184.0,75340.0,Arecanut
10318,2996.6,185.0,29170.0,Arecanut
48083,3522.8,186.0,1901.0,Arecanut
143,3522.8,187.0,972.0,Arecanut
9283,3522.8,188.0,874.0,Arecanut
47200,2903.1,189.0,592.0,Arecanut
158,2903.1,190.0,864.0,Arecanut
8982,2903.1,191.0,5373.0,Arecanut
46990,2996.6,192.0,6589.0,Arecanut
103,2996.6,193.0,5107.0,Arecanut
8239,2996.6,194.0,5518.0,Ginger
44563,3522.8,195.0,4912.0,Ginger
96,3522.8,196.0,3830.0,Ginger
6949,3522.8,197.0,4.0,Ginger
44663,3729.8,198.0,9.0,Ginger
110,3729.8,199.0,12.0,Ginger
6824,3729.8,200.0,2089.0,Ginger
43013,2746.2,201.0,2810.0,Ginger
95,2746.2,202.0,841.0,Ginger
6441,2746.2,203.0,3550.0,Ginger
4012,3360.0,204.0,109.0,Ginger
4877,3360.0,205.0,3368.0,Ginger
4930,3360.0,206.0,3671.0,Ginger
4954,3605.4,207.0,2404.0,Ginger
5019,3605.4,208.0,2805.0,Ginger
5127,3605.4,209.0,2331.0,Tea
5174,3512.4,210.0,2088.0,Tea
5294,3512.4,211.0,2628.0,Tea
5474,3512.4,212.0,1939.0,Tea
5864,3296.0,213.0,1871.0,Tea
7028,3296.0,214.0,1868.0,Tea
7403,3296.0,215.0,127919.0,Tea
7501,3550.0,216.0,75340.0,Tea
7714,3550.0,217.0,29170.0,Tea
7856,3550.0,218.0,1901.0,Tea
32,3654.0,219.0,972.0,Tea
1,3654.0,220.0,874.0,Tea
30,3654.0,221.0,592.0,Tea
6,233.0,222.0,864.0,Tea
15,233.0,27.0,5373.0,Tea
4,233.0,27.0,6589.0,Paddy
39,234.0,27.0,5107.0,Paddy
6,234.0,27.0,5518.0,Paddy
12,234.0,27.0,4912.0,Paddy
3,3105.0,27.2,3830.0,Paddy
17,3105.0,27.2,313547.0,Paddy
3,3105.0,27.2,2783.0,Paddy
9,236.0,27.0,1533.0,Paddy
21,236.0,27.0,1647.0,Paddy
11,2903.1,27.0,975.0,Paddy
4,2903.1,27.0,2.0,Paddy
15,2903.1,27.0,836.0,Paddy
8,2996.6,27.0,806.0,Paddy
29,2996.6,27.2,880.0,Paddy
1,2996.6,27.2,770.0,Paddy
13736,3522.8,27.2,395.0,Groundnut
14003,3522.8,27.1,187.0,Groundnut
14179,3522.8,27.1,187.0,Groundnut
14319,2903.1,27.1,121.0,Groundnut
14464,2903.1,26.8,103.0,Groundnut
14876,2903.1,26.8,71.0,Groundnut
14976,2996.6,26.8,3961.0,Groundnut
15009,2996.6,37.0,4247.0,Groundnut
15114,2996.6,37.0,3290.0,Groundnut
16224,3522.8,37.0,3138.0,Groundnut
17095,3522.8,38.0,3423.0,Groundnut
17512,3522.8,38.0,3899.0,Groundnut
17587,3729.8,38.0,4015.0,Groundnut
17771,3729.8,39.0,4279.0,Groundnut
17825,3729.8,39.0,4167.0,Groundnut
3147,2746.2,39.0,4479.0,Blackgram
2578,2746.2,40.0,3699.0,Blackgram
1591,2746.2,40.0,4904.0,Blackgram
1298,3360.0,40.0,2821.0,Blackgram
4,3360.0,41.0,3472.0,Blackgram
1122,3360.0,41.0,3647.0,Blackgram
917,3605.4,41.0,393.0,Blackgram
819,3605.4,42.0,167.0,Blackgram
619,3605.4,42.0,71.0,Blackgram
391,3512.4,42.0,52.0,Blackgram
211,3512.4,43.0,313547.0,Blackgram
153,3512.4,43.0,2783.0,Blackgram
111,3296.0,27.0,1533.0,Blackgram
76,3296.0,27.0,1647.0,Blackgram
53,3296.0,27.0,975.0,Blackgram
2688,3550.0,27.0,2.0,Cashew
2311,3550.0,27.0,836.0,Cashew
2188,3550.0,27.0,806.0,Cashew
1998,3654.0,27.2,880.0,Cashew
2006,3654.0,27.2,770.0,Cashew
2034,3654.0,27.2,395.0,Cashew
2035,233.0,27.0,187.0,Cashew
2074,233.0,27.0,187.0,Cashew
2127,233.0,27.0,121.0,Cashew
2090,234.0,27.0,103.0,Cashew
2059,234.0,27.0,71.0,Cashew
2050,234.0,27.0,3961.0,Cashew
1865,3105.0,27.2,4247.0,Cashew
1841,3105.0,27.2,3290.0,Cashew
1799,3105.0,27.2,3138.0,Cashew
1468,236.0,27.1,3423.0,Coconut
568,236.0,27.1,3899.0,Coconut
407,2903.1,27.1,4015.0,Coconut
177,2903.1,26.8,4279.0,Coconut
51,2903.1,26.8,4167.0,Coconut
173,2996.6,26.8,4479.0,Coconut
201,2996.6,37.0,3699.0,Coconut
206,2996.6,37.0,4904.0,Coconut
243,3522.8,37.0,2821.0,Coconut
123,3522.8,38.0,3472.0,Coconut
82,3522.8,38.0,3647.0,Coconut
74,2903.1,38.0,393.0,Coconut
18,2903.1,39.0,167.0,Coconut
37,2903.1,39.0,71.0,Coconut
35,2996.6,39.0,52.0,Coconut
5974,2996.6,40.0,2570.0,Coconut
6631,2996.6,40.0,27170.0,Ginger
6705,3522.8,40.0,114744.0,Ginger
5876,3522.8,41.0,1402.0,Ginger
326,3522.8,41.0,23456.0,Ginger
6470,3729.8,41.0,107809.0,Ginger
6709,3729.8,42.0,1132.0,Ginger
6186,3729.8,42.0,23960.0,Ginger
6503,2746.2,42.0,126487.0,Ginger
5220,2746.2,43.0,804.0,Ginger
4677,2746.2,27.0,30362.0,Ginger
4803,3360.0,27.0,124492.0,Ginger
3739,3360.0,27.0,792.0,Ginger
3529,3360.0,27.0,34153.0,Ginger
3649,3605.4,27.0,132551.0,Ginger
1374,3605.4,27.0,338.0,Ginger
1279,2903.1,27.0,2570.0,Coconut
13283,2903.1,27.0,27170.0,Coconut
52119,2903.1,27.2,114744.0,Coconut
725,2996.6,27.2,1402.0,Coconut
12885,2996.6,27.2,23456.0,Coconut
51179,2996.6,27.0,107809.0,Coconut
468,3522.8,27.0,1132.0,Coconut
11841,3522.8,27.0,23960.0,Coconut
50975,3522.8,27.0,126487.0,Coconut
206,3729.8,27.0,804.0,Coconut
10922,3729.8,27.0,30362.0,Coconut
51390,3729.8,27.2,124492.0,Coconut
177,2746.2,27.2,792.0,Coconut
10723,2746.2,27.2,34153.0,Coconut
51709,2746.2,27.1,132551.0,Coconut
146,3360.0,27.1,338.0,Coconut
10910,3360.0,27.1,22966.0,Coconut
51355,3360.0,26.8,131763.0,Coconut
160,3605.4,26.8,404.0,Coconut
10912,3605.4,27.1,24184.0,Coconut
51353,3605.4,27.1,124387.0,Coconut
1279,3512.4,26.8,343.0,Coconut
13283,3512.4,26.8,23099.0,Coconut
52119,3512.4,26.8,117825.84,Coconut
725,3296.0,37.0,336.0,Coconut
12885,3550.0,37.0,22594.0,Coconut
51179,3550.0,37.0,116481.07,Coconut
468,3550.0,38.0,316.0,Coconut
11841,3654.0,38.0,21400.0,Coconut
50975,3654.0,38.0,122102.0,Coconut
206,3654.0,39.0,382.0,Coconut
10922,233.0,39.0,19578.0,Coconut
51390,233.0,39.0,121037.0,Coconut
177,233.0,40.0,231.0,Coconut
10723,234.0,40.0,18951.0,Coconut
51709,234.0,40.0,110579.0,Coconut
146,234.0,41.0,221.0,Coconut
10910,3105.0,41.0,15362.0,Coconut
51355,3105.0,41.0,120373.0,Coconut
160,3105.0,42.0,291.0,Coconut
10912,236.0,42.0,17231.0,Coconut
51353,236.0,42.0,119359.0,Coconut
1279,2903.1,43.0,283.0,Coconut
13283,2903.1,27.0,17690.0,Coconut
52119,2903.1,27.0,7157.0,Coconut
725,2996.6,27.0,8700.0,Coconut
12885,2996.6,27.0,41266.0,Coconut
51179,2996.6,27.0,8838.0,Coconut
468,3296.0,27.0,8954.0,Coconut
11841,3550.0,27.2,42915.0,Coconut
50975,3550.0,27.2,9230.0,Coconut
206,3550.0,27.2,44313.0,Coconut
10922,3654.0,27.0,45820.0,Coconut
51390,3654.0,27.0,49084.0,Coconut
177,3654.0,27.0,86311.0,Coconut
10723,233.0,27.0,57642.0,Coconut
51709,233.0,27.0,58405.0,Coconut
146,233.0,27.0,60751.0,Coconut
10910,234.0,27.2,109506.0,Coconut
51355,234.0,27.2,114.0,Coconut
160,234.0,27.2,3.0,Coconut
10912,3105.0,27.1,95.0,Coconut
51353,3105.0,27.1,19.0,Coconut
142,3105.0,27.1,54.0,Coconut
10505,236.0,26.8,13.0,Coconut
51040,236.0,26.8,123.0,Coconut
154,2903.1,26.8,19.0,Coconut
10318,2903.1,37.0,32.0,Coconut
48083,2903.1,37.0,8.0,Coconut
143,2996.6,37.0,50.0,Coconut
9283,2996.6,38.0,10.0,Coconut
47200,2996.6,38.0,29.0,Coconut
158,2903.1,38.0,44.0,Coconut
8982,2903.1,39.0,33.0,Coconut
46990,2903.1,39.0,14.0,Coconut
103,2996.6,39.0,56.0,Coconut
8239,2996.6,40.0,26.0,Coconut
44563,2996.6,40.0,98.0,Coconut
96,3522.8,40.0,3.0,Coconut
6949,3522.8,41.0,58637.0,Coconut
44663,3522.8,41.0,59777.0,Coconut
110,3729.8,41.0,60528.0,Coconut
6824,3729.8,42.0,61126.0,Cotton
43013,3729.8,42.0,623687.0,Cotton
95,2746.2,42.0,63504.0,Cotton
6441,2746.2,43.0,63931.0,Cotton
4012,2746.2,43.0,73730.0,Cotton
4877,3360.0,27.0,118416.0,Coconut
4930,3360.0,27.0,130132.0,Coconut
4954,3360.0,27.0,154889.0,Coconut
5019,3605.4,27.0,171739.0,Coconut
5127,3605.4,27.0,172475.0,Coconut
5174,3605.4,27.0,177939.0,Coconut
5294,3512.4,27.2,313547.0,Coconut
5474,3512.4,27.2,2783.0,Coconut
5864,3512.4,27.2,1533.0,Coconut
7028,3296.0,27.0,1647.0,Coconut
7403,3296.0,27.0,975.0,Coconut
7501,3296.0,27.0,2.0,Coconut
7714,3550.0,27.0,836.0,Coconut
7856,3550.0,27.0,806.0,Coconut
32,3550.0,27.0,880.0,Coconut
1,3654.0,27.2,770.0,Coconut
30,3654.0,27.2,395.0,Coconut
6,3654.0,27.2,187.0,Coconut
15,233.0,27.1,187.0,Coconut
4,233.0,27.1,121.0,Coconut
39,233.0,27.1,103.0,Coconut
6,234.0,26.8,71.0,Coconut
12,234.0,26.8,3961.0,Coconut
3,234.0,26.8,4247.0,Coconut
17,3105.0,37.0,3290.0,Coconut
3,3105.0,37.0,3138.0,Coconut
9,3105.0,37.0,3423.0,Coconut
21,236.0,38.0,3899.0,Coconut
11,236.0,38.0,4015.0,Coconut
4,2903.1,38.0,4279.0,Coconut
15,2903.1,39.0,4167.0,Coconut
8,2903.1,39.0,4479.0,Coconut
29,2996.6,39.0,3699.0,Coconut
1,2996.6,41.0,4904.0,Coconut
13736,2996.6,42.0,2821.0,Coconut
14003,3522.8,42.0,3472.0,Coconut
14179,3522.8,42.0,3647.0,Coconut
14319,3522.8,43.0,393.0,Coconut
14464,3729.8,43.0,167.0,Coconut
14876,3729.8,128.0,71.0,Coconut
14976,3729.8,129.0,52.0,Coconut
15009,2746.2,130.0,12.0,Coconut
15114,2746.2,131.0,51.0,Coconut
16224,2746.2,132.0,61.0,Coconut
17095,3360.0,133.0,67.0,Cocoa
17512,3360.0,134.0,62.0,Cocoa
17587,3360.0,135.0,32.0,Cocoa
17771,3605.4,136.0,22.0,Cocoa
17825,3605.4,137.0,25.0,Cocoa
3147,3605.4,138.0,4.0,Cocoa
2578,3512.4,139.0,9.0,Coffee
1591,3512.4,140.0,12.0,Coffee
1298,3512.4,141.0,2089.0,Coffee
4,3296.0,142.0,2810.0,Coffee
1122,3296.0,143.0,841.0,Coffee
917,3296.0,144.0,3550.0,Coffee
819,3550.0,145.0,109.0,Coffee
619,3550.0,146.0,3368.0,Coffee
391,3550.0,147.0,3671.0,Coffee
211,3654.0,148.0,2404.0,Coffee
153,3654.0,149.0,2805.0,Coffee
111,3654.0,150.0,2331.0,Coffee
76,233.0,151.0,2088.0,Coffee
53,233.0,152.0,2628.0,Coffee
2688,233.0,153.0,1939.0,Coffee
2311,2903.1,154.0,1871.0,Cardamum
2188,2903.1,155.0,1868.0,Cardamum
1998,2903.1,156.0,127919.0,Cardamum
2006,2996.6,157.0,75340.0,Cardamum
2034,2996.6,158.0,29170.0,Cardamum
2035,2996.6,159.0,1901.0,Cardamum
2074,3522.8,160.0,972.0,Cardamum
2127,3522.8,161.0,874.0,Cardamum
2090,3522.8,162.0,592.0,Cardamum
2059,3729.8,163.0,864.0,Cardamum
2050,3729.8,164.0,5373.0,Cardamum
1865,3729.8,165.0,6589.0,Cardamum
1841,2746.2,166.0,5107.0,Cardamum
1799,2746.2,167.0,5518.0,Cardamum
1468,2746.2,168.0,4912.0,Cardamum
568,3360.0,169.0,3830.0,Cotton
407,3360.0,170.0,4.0,Cotton
177,3360.0,171.0,9.0,Cotton
51,3605.4,172.0,12.0,Cotton
173,3605.4,173.0,2089.0,Pepper
201,3605.4,174.0,2810.0,Pepper
206,3512.4,175.0,841.0,Pepper
243,3512.4,176.0,3550.0,Pepper
123,3512.4,177.0,109.0,Pepper
82,3296.0,178.0,3368.0,Pepper
74,3296.0,179.0,3671.0,Pepper
18,3296.0,180.0,2404.0,Pepper
37,3550.0,181.0,2805.0,Pepper
35,3550.0,182.0,2331.0,Pepper
5974,3550.0,183.0,2088.0,Pepper
6631,3654.0,184.0,2628.0,Arecanut
6705,3654.0,185.0,1939.0,Arecanut
5876,3654.0,186.0,1871.0,Arecanut
326,233.0,187.0,1868.0,Arecanut
6470,233.0,188.0,127919.0,Arecanut
6709,233.0,189.0,75340.0,Arecanut
6186,234.0,190.0,29170.0,Arecanut
6503,234.0,191.0,1901.0,Arecanut
5220,234.0,192.0,972.0,Arecanut
4677,3105.0,193.0,874.0,Arecanut
4803,3105.0,194.0,592.0,Arecanut
3739,3105.0,195.0,864.0,Arecanut
3529,236.0,196.0,5373.0,Arecanut
3649,236.0,197.0,6589.0,Arecanut
1374,2903.1,198.0,5107.0,Arecanut
933,2903.1,199.0,5518.0,Ginger
345,2903.1,200.0,4912.0,Ginger
29,2996.6,201.0,3830.0,Ginger
11,2996.6,202.0,4.0,Ginger
10,2996.6,203.0,9.0,Ginger
7,3522.8,204.0,12.0,Ginger
10,3522.8,205.0,2089.0,Ginger
56,3522.8,206.0,2810.0,Ginger
68,3729.8,207.0,841.0,Ginger
56,3729.8,208.0,3550.0,Ginger
66,3729.8,209.0,109.0,Ginger
55,2746.2,210.0,3368.0,Ginger
42,2746.2,211.0,3671.0,Ginger
51179,2746.2,212.0,2404.0,Ginger
468,3360.0,213.0,2805.0,Ginger
11841,3360.0,214.0,2331.0,Tea
50975,3360.0,215.0,2088.0,Tea
206,3605.4,216.0,2628.0,Tea
10922,3605.4,217.0,1939.0,Tea
51390,3605.4,218.0,1871.0,Tea
177,3512.4,219.0,1868.0,Tea
10723,3512.4,220.0,127919.0,Tea
51709,3512.4,221.0,75340.0,Tea
146,3296.0,222.0,29170.0,Tea
10910,3296.0,27.0,1901.0,Tea
51355,3296.0,27.0,972.0,Tea
160,3550.0,27.0,874.0,Tea
10912,3550.0,27.0,592.0,Tea
51353,3550.0,27.0,864.0,Tea
142,3654.0,27.2,5373.0,Tea
10505,3654.0,27.2,6589.0,Paddy
51040,3654.0,27.2,5107.0,Paddy
154,233.0,27.0,5518.0,Paddy
10318,233.0,27.0,4912.0,Paddy
48083,233.0,27.0,3830.0,Paddy
143,2903.1,27.0,313547.0,Paddy
9283,2903.1,27.0,2783.0,Paddy
47200,2903.1,27.0,1533.0,Paddy
158,2996.6,27.2,1647.0,Paddy
8982,2996.6,27.2,975.0,Paddy
46990,2996.6,27.2,2.0,Paddy
103,3522.8,27.1,836.0,Paddy
8239,3522.8,27.1,806.0,Paddy
44563,3522.8,27.1,880.0,Paddy
96,3729.8,26.8,770.0,Paddy
6949,3729.8,26.8,395.0,Groundnut
44663,3729.8,26.8,187.0,Groundnut
110,2746.2,37.0,187.0,Groundnut
6824,2746.2,37.0,121.0,Cotton
43013,2746.2,37.0,103.0,Cotton
95,3360.0,38.0,71.0,Cotton
6441,3360.0,38.0,3961.0,Cotton
4012,3360.0,38.0,4247.0,Groundnut
4877,3605.4,39.0,3290.0,Groundnut
4930,3605.4,39.0,3138.0,Groundnut
4954,3605.4,39.0,3423.0,Groundnut
5019,3512.4,40.0,3899.0,Groundnut
5127,3512.4,40.0,4015.0,Groundnut
5174,3512.4,40.0,4279.0,Groundnut
5294,3296.0,41.0,4167.0,Groundnut
5474,3296.0,41.0,4479.0,Blackgram
5864,3296.0,41.0,3699.0,Blackgram
7028,3550.0,42.0,4904.0,Blackgram
7403,3550.0,42.0,2821.0,Blackgram
7501,3550.0,42.0,3472.0,Blackgram
7714,3654.0,43.0,3647.0,Blackgram
7856,3654.0,43.0,393.0,Blackgram
32,3654.0,27.0,167.0,Blackgram
1,233.0,27.0,71.0,Blackgram
30,233.0,27.0,52.0,Blackgram
6,233.0,27.0,313547.0,Blackgram
15,234.0,27.0,2783.0,Blackgram
4,234.0,27.0,1533.0,Blackgram
39,234.0,27.2,1647.0,Blackgram
6,3105.0,27.2,975.0,Blackgram
12,3105.0,27.2,2.0,Cashew
3,3105.0,27.0,836.0,Cashew
17,236.0,27.0,806.0,Cashew
3,236.0,27.0,880.0,Cashew
9,2903.1,27.0,770.0,Cashew
21,2903.1,27.0,395.0,Cashew
11,2903.1,27.0,187.0,Cashew
4,2996.6,27.2,187.0,Cotton
15,2996.6,27.2,121.0,Cotton
8,2996.6,27.2,103.0,Cotton
29,3522.8,27.1,71.0,Cotton
1,3522.8,27.1,3961.0,Cashew
13736,3522.8,27.1,4247.0,Cashew
14003,3729.8,26.8,3290.0,Cashew
14179,3729.8,26.8,3138.0,Cashew
14319,3729.8,26.8,3423.0,Coconut
14464,2746.2,37.0,3899.0,Coconut
14876,2746.2,37.0,4015.0,Coconut
14976,2746.2,37.0,4279.0,Coconut
15009,3360.0,38.0,4167.0,Coconut
15114,3360.0,38.0,4479.0,Coconut
16224,3360.0,38.0,3699.0,Coconut
17095,3605.4,39.0,4904.0,Coconut
17512,3605.4,39.0,2821.0,Coconut
17587,3605.4,39.0,3472.0,Coconut
17771,3512.4,40.0,3647.0,Coconut
17825,3512.4,40.0,393.0,Coconut
3147,3512.4,27.0,167.0,Coconut
2578,3296.0,27.0,71.0,Coconut
1591,3296.0,27.0,52.0,Coconut
1298,3296.0,27.0,2570.0,Coconut
4,3550.0,27.0,27170.0,Ginger
1122,3550.0,27.0,114744.0,Ginger
917,3550.0,27.2,1402.0,Ginger
819,3654.0,27.2,23456.0,Ginger
619,3654.0,27.2,107809.0,Ginger
391,3654.0,27.0,1132.0,Ginger
211,233.0,27.0,23960.0,Cotton
153,233.0,27.0,126487.0,Cotton
111,233.0,27.0,804.0,Cotton
76,234.0,27.0,30362.0,Cotton
53,234.0,27.0,124492.0,Ginger
2688,234.0,27.2,792.0,Ginger
2311,3105.0,27.2,34153.0,Ginger
2188,3105.0,27.2,2570.0,Ginger
1998,3105.0,27.1,27170.0,Ginger
2006,236.0,27.1,114744.0,Coconut
2034,2903.1,27.1,1402.0,Coconut
2035,2903.1,26.8,23456.0,Coconut
2074,2903.1,26.8,107809.0,Coconut
2127,2996.6,26.8,1132.0,Coconut
2090,2996.6,37.0,23960.0,Coconut
2059,2996.6,37.0,126487.0,Coconut
2050,3522.8,37.0,804.0,Coconut
1865,3522.8,38.0,30362.0,Coconut
1841,3522.8,38.0,124492.0,Coconut
1799,3729.8,38.0,792.0,Coconut
1468,3729.8,39.0,34153.0,Coconut
568,3729.8,39.0,132551.0,Coconut
407,2746.2,39.0,338.0,Coconut
177,2746.2,40.0,22966.0,Coconut
51,2746.2,40.0,131763.0,Coconut
173,3360.0,40.0,404.0,Coconut
201,3360.0,41.0,24184.0,Coconut
206,3360.0,41.0,124387.0,Coconut
243,3605.4,41.0,343.0,Coconut
123,3605.4,42.0,23099.0,Coconut
82,3605.4,42.0,117825.84,Coconut
74,3512.4,42.0,336.0,Coconut
18,3512.4,43.0,22594.0,Coconut
37,3512.4,43.0,116481.07,Coconut
35,3296.0,27.0,316.0,Coconut
5974,3296.0,27.0,21400.0,Coconut
6631,3296.0,27.0,122102.0,Coconut
6705,3550.0,27.0,382.0,Coconut
5876,3550.0,27.0,19578.0,Coconut
326,3550.0,27.0,121037.0,Coconut
6470,3654.0,27.2,231.0,Coconut
6709,3654.0,27.2,18951.0,Coconut
6186,3654.0,27.2,110579.0,Coconut
6503,233.0,27.0,221.0,Coconut
5220,233.0,27.0,15362.0,Coconut
4677,233.0,27.0,120373.0,Coconut
4803,234.0,27.0,291.0,Coconut
3739,234.0,27.0,17231.0,Coconut
3529,234.0,27.0,119359.0,Coconut
3649,3105.0,27.2,283.0,Coconut
1374,3105.0,27.2,17690.0,Coconut
1279,3105.0,27.2,7157.0,Coconut
13283,236.0,27.1,8700.0,Coconut
52119,236.0,27.1,41266.0,Coconut
725,321.0,27.1,8838.0,Coconut
12885,3654.0,26.8,8954.0,Coconut
51179,323.0,26.8,42915.0,Coconut
468,324.0,26.8,9230.0,Coconut
11841,3105.0,37.0,44313.0,Coconut
50975,326.0,37.0,45820.0,Coconut
206,327.0,37.0,49084.0,Coconut
10922,328.0,38.0,86311.0,Coconut
51390,2903.1,38.0,57642.0,Coconut
177,2903.1,38.0,58405.0,Coconut
10723,2903.1,39.0,60751.0,Coconut
51709,2996.6,39.0,109506.0,Coconut
146,2996.6,39.0,114.0,Coconut
10910,2996.6,40.0,3.0,Coconut
51355,3522.8,40.0,95.0,Coconut
160,3522.8,40.0,19.0,Coconut
10912,3522.8,41.0,54.0,Coconut
51353,3729.8,41.0,13.0,Coconut
1279,3729.8,41.0,123.0,Coconut
13283,3729.8,42.0,19.0,Coconut
52119,2746.2,42.0,32.0,Coconut
725,2746.2,42.0,8.0,Coconut
12885,2746.2,43.0,50.0,Coconut
51179,3360.0,27.0,10.0,Coconut
468,3360.0,27.0,29.0,Coconut
11841,3360.0,27.0,44.0,Coconut
50975,3605.4,27.0,33.0,Coconut
206,3605.4,27.0,14.0,Coconut
10922,3605.4,27.0,56.0,Coconut
51390,3512.4,27.2,26.0,Coconut
177,3512.4,27.2,98.0,Coconut
10723,3512.4,27.2,3.0,Coconut
51709,3296.0,27.0,58637.0,Coconut
146,3296.0,27.0,59777.0,Coconut
10910,3296.0,27.0,60528.0,Coconut
51355,3550.0,27.0,61126.0,Coconut
160,3550.0,27.0,623687.0,Coconut
10912,3550.0,27.0,63504.0,Coconut
51353,3654.0,27.2,63931.0,Coconut
1279,3654.0,27.2,73730.0,Coconut
13283,3654.0,27.2,118416.0,Coconut
52119,233.0,27.1,130132.0,Coconut
725,233.0,27.1,154889.0,Coconut
12885,233.0,27.1,171739.0,Coconut
51179,234.0,26.8,172475.0,Coconut
468,234.0,26.8,177939.0,Coconut
11841,234.0,26.8,313547.0,Coconut
50975,3105.0,37.0,2783.0,Coconut
206,3105.0,37.0,1533.0,Coconut
10922,3105.0,37.0,1647.0,Coconut
51390,236.0,38.0,975.0,Coconut
177,236.0,38.0,2.0,Coconut
10723,2903.1,38.0,836.0,Coconut
51709,2903.1,39.0,806.0,Coconut
146,2903.1,39.0,880.0,Coconut
10910,2996.6,39.0,770.0,Coconut
51355,2996.6,40.0,395.0,Coconut
160,2996.6,40.0,187.0,Coconut
10912,3522.8,40.0,187.0,Coconut
51353,3522.8,41.0,121.0,Coconut
142,3522.8,41.0,103.0,Coconut
10505,2903.1,41.0,71.0,Coconut
51040,2903.1,42.0,3961.0,Coconut
154,2903.1,42.0,4247.0,Coconut
10318,2996.6,42.0,3290.0,Coconut
48083,2996.6,43.0,3138.0,Coconut
143,2996.6,43.0,3423.0,Coconut
9283,3522.8,128.0,3899.0,Coconut
47200,3522.8,129.0,4015.0,Coconut
158,3522.8,130.0,4279.0,Coconut
8982,3729.8,131.0,4167.0,Coconut
46990,3729.8,132.0,4479.0,Coconut
103,3729.8,133.0,3699.0,Coconut
8239,2746.2,134.0,4904.0,Coconut
44563,2746.2,135.0,2821.0,Coconut
96,2746.2,136.0,3472.0,Coconut
6949,3360.0,137.0,3647.0,Coconut
44663,3360.0,138.0,393.0,Coconut
110,3360.0,139.0,167.0,Coconut
6824,3605.4,140.0,71.0,Coconut
43013,3605.4,141.0,52.0,Coconut
95,3605.4,142.0,12.0,Coconut
6441,3512.4,143.0,51.0,Coconut
4012,3512.4,144.0,61.0,Coconut
4877,3512.4,27.0,67.0,Coconut
4930,3296.0,27.0,62.0,Coconut
4954,3296.0,27.0,32.0,Cocoa
5019,3296.0,27.0,22.0,Cocoa
5127,3550.0,27.0,25.0,Cocoa
5174,3550.0,27.0,4.0,Cocoa
5294,3550.0,27.2,9.0,Cocoa
5474,3654.0,27.2,12.0,Cocoa
5864,3654.0,27.2,2089.0,Coffee
7028,3654.0,27.0,2810.0,Coffee
7403,233.0,27.0,841.0,Coffee
7501,233.0,27.0,3550.0,Coffee
7714,233.0,27.0,109.0,Coffee
7856,234.0,27.0,3368.0,Coffee
32,234.0,27.0,3671.0,Coffee
1,234.0,27.2,2404.0,Coffee
30,3105.0,27.2,2805.0,Coffee
6,3105.0,27.2,2331.0,Coffee
15,3105.0,27.1,2088.0,Coffee
4,236.0,27.1,2628.0,Coffee
39,236.0,27.1,1939.0,Coffee
6,2903.1,26.8,1871.0,Coffee
12,2903.1,26.8,1868.0,Coffee
3,2903.1,26.8,127919.0,Cardamum
17,2996.6,37.0,75340.0,Cardamum
3,2996.6,37.0,29170.0,Cardamum
9,2996.6,37.0,1901.0,Cardamum
21,3522.8,38.0,972.0,Cardamum
11,3522.8,38.0,874.0,Cardamum
4,3522.8,38.0,592.0,Cardamum
15,2903.1,39.0,864.0,Cardamum
8,2903.1,39.0,5373.0,Cardamum
29,2903.1,39.0,6589.0,Cardamum
1,2996.6,40.0,5107.0,Cardamum
13736,2996.6,40.0,5518.0,Cardamum
14003,2996.6,40.0,4912.0,Cardamum
14179,3522.8,41.0,3830.0,Cardamum
14319,3522.8,41.0,4.0,Cardamum
14464,3522.8,41.0,9.0,Pepper
14876,3729.8,42.0,12.0,Pepper
14976,3729.8,42.0,2089.0,Pepper
15009,3729.8,42.0,2810.0,Pepper
15114,2746.2,43.0,841.0,Pepper
16224,2746.2,43.0,3550.0,Pepper
17095,2746.2,27.0,109.0,Pepper
17512,3360.0,27.0,3368.0,Pepper
17587,3360.0,27.0,3671.0,Pepper
17771,3360.0,27.0,2404.0,Pepper
17825,3605.4,27.0,2805.0,Pepper
3147,3605.4,27.0,2331.0,Pepper
2578,3605.4,27.2,2088.0,Pepper
1591,3512.4,27.2,2628.0,Pepper
1298,3512.4,27.2,1939.0,Pepper
4,3512.4,27.0,1871.0,Arecanut
1122,3296.0,27.0,1868.0,Arecanut
917,3296.0,27.0,127919.0,Arecanut
819,3296.0,27.0,75340.0,Arecanut
619,3550.0,27.0,29170.0,Arecanut
391,3550.0,27.0,1901.0,Arecanut
211,3550.0,27.2,972.0,Arecanut
153,3654.0,27.2,874.0,Arecanut
111,3654.0,27.2,592.0,Arecanut
76,3654.0,27.1,864.0,Arecanut
53,233.0,27.1,5373.0,Arecanut
2688,233.0,27.1,6589.0,Arecanut
2311,233.0,26.8,5107.0,Arecanut
2188,234.0,26.8,5518.0,Arecanut
1998,234.0,26.8,4912.0,Arecanut
2006,234.0,37.0,3830.0,Ginger
2034,3105.0,37.0,4.0,Ginger
2035,3105.0,37.0,9.0,Ginger
2074,3105.0,38.0,12.0,Ginger
2127,236.0,38.0,2089.0,Ginger
2090,236.0,38.0,2810.0,Ginger
2059,2903.1,39.0,841.0,Ginger
2050,2903.1,39.0,3550.0,Ginger
1865,2903.1,39.0,109.0,Ginger
1841,2996.6,40.0,3368.0,Ginger
1799,2996.6,40.0,3671.0,Ginger
1468,2996.6,40.0,2404.0,Ginger
568,3522.8,41.0,2805.0,Ginger
407,3522.8,41.0,2331.0,Ginger
177,3522.8,41.0,2088.0,Ginger
51,2903.1,42.0,2628.0,Tea
173,2903.1,42.0,1939.0,Tea
201,2903.1,42.0,1871.0,Tea
206,2996.6,43.0,1868.0,Tea
243,2996.6,27.0,127919.0,Tea
123,2996.6,27.0,75340.0,Tea
82,3522.8,27.0,29170.0,Tea
74,3522.8,27.0,1901.0,Tea
18,3522.8,27.0,972.0,Tea
37,3729.8,27.0,874.0,Tea
35,3729.8,27.2,592.0,Tea
5974,3729.8,27.2,864.0,Tea
6631,2746.2,27.2,5373.0,Tea
6705,2746.2,27.0,6589.0,Tea
5876,2746.2,27.0,5107.0,Tea
326,3360.0,27.0,5518.0,Paddy
6470,3360.0,27.0,4912.0,Paddy
6709,3360.0,27.0,3830.0,Paddy
6186,3605.4,27.0,313547.0,Paddy
6503,3605.4,27.2,2783.0,Paddy
5220,2903.1,27.2,1533.0,Paddy
4677,2903.1,27.2,1647.0,Paddy
4803,2903.1,27.1,975.0,Paddy
3739,2996.6,27.1,2.0,Paddy
3529,2996.6,27.1,836.0,Paddy
3649,2996.6,26.8,806.0,Paddy
1374,3522.8,26.8,880.0,Paddy
933,3522.8,26.8,770.0,Paddy
345,3522.8,37.0,395.0,Paddy
29,3729.8,37.0,187.0,Paddy
11,2903.1,37.0,187.0,Groundnut
10,2903.1,38.0,121.0,Groundnut
7,2903.1,38.0,103.0,Groundnut
10,2996.6,38.0,71.0,Groundnut
56,2996.6,39.0,3961.0,Groundnut
68,2996.6,39.0,4247.0,Groundnut
56,3522.8,39.0,3290.0,Groundnut
66,3522.8,40.0,3138.0,Groundnut
55,3522.8,40.0,3423.0,Groundnut
42,3729.8,40.0,3899.0,Groundnut
51179,3729.8,41.0,4015.0,Groundnut
468,3729.8,41.0,4279.0,Groundnut
11841,2746.2,41.0,4167.0,Groundnut
50975,2746.2,42.0,4479.0,Groundnut
206,2746.2,42.0,3699.0,Groundnut
10922,3360.0,42.0,4904.0,Blackgram
51390,3360.0,43.0,2821.0,Blackgram
177,3360.0,43.0,3472.0,Blackgram
10723,3605.4,128.0,3647.0,Blackgram
51709,3605.4,129.0,393.0,Blackgram
146,3605.4,130.0,167.0,Blackgram
10910,3512.4,131.0,71.0,Blackgram
51355,3512.4,132.0,52.0,Blackgram
160,3512.4,133.0,313547.0,Blackgram
10912,3296.0,134.0,2783.0,Blackgram
51353,3296.0,135.0,1533.0,Blackgram
142,3296.0,136.0,1647.0,Blackgram
10505,3550.0,137.0,975.0,Blackgram
51040,3550.0,138.0,2.0,Blackgram
154,3550.0,139.0,836.0,Blackgram
10318,3654.0,140.0,806.0,Cashew
48083,3654.0,141.0,880.0,Cashew
143,3654.0,142.0,770.0,Cashew
9283,233.0,143.0,395.0,Cashew
47200,233.0,144.0,187.0,Cashew
158,233.0,27.0,187.0,Cashew
8982,234.0,27.0,121.0,Cashew
46990,234.0,27.0,103.0,Cashew
103,234.0,27.0,71.0,Cashew
8239,3105.0,27.0,3961.0,Cashew
44563,3105.0,27.0,4247.0,Cashew
96,3105.0,27.2,3290.0,Cashew
6949,236.0,27.2,3138.0,Cashew
44663,236.0,27.2,3423.0,Cashew
110,2903.1,27.0,3899.0,Cashew
6824,2903.1,27.0,4015.0,Coconut
43013,2903.1,27.0,4279.0,Coconut
95,2996.6,27.0,4167.0,Coconut
6441,2996.6,27.0,4479.0,Coconut
4012,2996.6,27.0,3699.0,Coconut
4877,3522.8,27.2,4904.0,Coconut
4930,3522.8,27.2,2821.0,Coconut
4954,3522.8,27.2,3472.0,Coconut
5019,3729.8,27.1,3647.0,Coconut
5127,3729.8,27.1,393.0,Coconut
5174,3729.8,27.1,167.0,Coconut
5294,2746.2,26.8,71.0,Coconut
5474,2746.2,26.8,52.0,Coconut
5864,2746.2,26.8,2570.0,Coconut
7028,3360.0,37.0,27170.0,Coconut
7403,3360.0,37.0,114744.0,Coconut
7501,3360.0,37.0,1402.0,Ginger
7714,3605.4,38.0,23456.0,Ginger
7856,3605.4,38.0,107809.0,Ginger
32,3605.4,38.0,1132.0,Ginger
1,3512.4,39.0,23960.0,Ginger
30,3512.4,39.0,126487.0,Ginger
6,3512.4,39.0,804.0,Ginger
15,3296.0,40.0,30362.0,Ginger
4,3296.0,40.0,124492.0,Ginger
39,3296.0,40.0,792.0,Ginger
6,3550.0,41.0,34153.0,Ginger
12,3550.0,41.0,2570.0,Ginger
3,3550.0,41.0,27170.0,Ginger
17,3654.0,42.0,114744.0,Ginger
3,3654.0,42.0,1402.0,Ginger
9,3654.0,42.0,23456.0,Coconut
21,233.0,43.0,107809.0,Coconut
11,233.0,43.0,1132.0,Coconut
4,233.0,27.0,23960.0,Coconut
15,234.0,27.0,126487.0,Coconut
8,234.0,27.0,804.0,Coconut
29,234.0,27.0,30362.0,Coconut
1,3105.0,27.0,124492.0,Coconut
13736,3105.0,27.0,792.0,Coconut
14003,3105.0,27.2,34153.0,Coconut
14179,236.0,27.2,132551.0,Coconut
14319,2903.1,27.2,338.0,Coconut
14464,2903.1,27.0,22966.0,Coconut
14876,2903.1,27.0,131763.0,Coconut
14976,2996.6,27.0,404.0,Coconut
15009,2996.6,27.0,24184.0,Coconut
15114,2996.6,27.0,124387.0,Coconut
16224,3522.8,27.0,343.0,Coconut
17095,3522.8,27.2,23099.0,Coconut
17512,3522.8,27.2,117825.84,Coconut
17587,3729.8,27.2,336.0,Coconut
17771,3729.8,27.1,22594.0,Coconut
17825,3729.8,27.1,116481.07,Coconut
3147,2746.2,27.1,316.0,Coconut
2578,2746.2,26.8,21400.0,Coconut
1591,2746.2,26.8,122102.0,Coconut
1298,3360.0,26.8,382.0,Coconut
4,3360.0,37.0,19578.0,Coconut
1122,3360.0,37.0,121037.0,Coconut
917,3605.4,37.0,231.0,Coconut
819,3605.4,38.0,18951.0,Coconut
619,3605.4,38.0,110579.0,Coconut
391,3512.4,38.0,221.0,Coconut
211,3512.4,39.0,15362.0,Coconut
153,3512.4,39.0,120373.0,Coconut
111,3296.0,39.0,291.0,Coconut
76,3296.0,40.0,17231.0,Coconut
53,3296.0,40.0,119359.0,Coconut
2688,3550.0,40.0,283.0,Coconut
2311,3550.0,41.0,17690.0,Coconut
2188,3550.0,41.0,7157.0,Coconut
1998,3654.0,41.0,8700.0,Coconut
2006,3654.0,42.0,41266.0,Coconut
2034,3654.0,42.0,8838.0,Coconut
2035,233.0,42.0,8954.0,Coconut
2074,233.0,43.0,42915.0,Coconut
2127,233.0,27.0,9230.0,Coconut
2090,234.0,27.0,44313.0,Coconut
2059,234.0,27.0,45820.0,Coconut
2050,234.0,27.0,49084.0,Coconut
1865,3105.0,27.0,86311.0,Coconut
1841,3105.0,27.0,57642.0,Coconut
1799,3105.0,27.2,58405.0,Coconut
1468,236.0,27.2,60751.0,Coconut
568,236.0,27.2,109506.0,Coconut
407,321.0,27.0,114.0,Coconut
177,3654.0,27.0,3.0,Coconut
51,323.0,27.0,95.0,Coconut
173,324.0,27.0,19.0,Coconut
201,3105.0,27.0,54.0,Coconut
206,326.0,27.0,13.0,Coconut
243,327.0,27.2,123.0,Coconut
123,328.0,27.2,19.0,Coconut
82,2903.1,27.2,32.0,Coconut
74,2903.1,27.1,8.0,Coconut
18,2903.1,27.1,50.0,Coconut
37,2996.6,27.1,10.0,Coconut
35,2996.6,26.8,29.0,Coconut
5974,2996.6,26.8,44.0,Coconut
6631,3522.8,26.8,33.0,Coconut
6705,3522.8,37.0,14.0,Coconut
5876,3522.8,37.0,56.0,Coconut
326,3729.8,37.0,26.0,Coconut
6470,3729.8,38.0,98.0,Coconut
6709,3729.8,38.0,3.0,Coconut
6186,2746.2,38.0,58637.0,Coconut
6503,2746.2,39.0,59777.0,Coconut
5220,2746.2,39.0,60528.0,Coconut
4677,3360.0,39.0,61126.0,Coconut
4803,3360.0,40.0,623687.0,Coconut
3739,3360.0,40.0,63504.0,Coconut
3529,3605.4,40.0,63931.0,Coconut
3649,3605.4,41.0,73730.0,Coconut
1374,3605.4,41.0,118416.0,Coconut
1279,3512.4,41.0,130132.0,Coconut
13283,3512.4,42.0,154889.0,Coconut
52119,3512.4,42.0,171739.0,Coconut
725,3296.0,42.0,172475.0,Coconut
12885,3296.0,43.0,177939.0,Coconut
51179,3296.0,43.0,313547.0,Coconut
468,3550.0,128.0,2783.0,Coconut
11841,3550.0,129.0,1533.0,Coconut
50975,3550.0,130.0,1647.0,Coconut
206,3654.0,131.0,975.0,Coconut
10922,3654.0,132.0,2.0,Coconut
51390,3654.0,133.0,836.0,Coconut
177,233.0,134.0,806.0,Coconut
10723,233.0,135.0,880.0,Coconut
51709,233.0,136.0,770.0,Coconut
146,234.0,137.0,395.0,Coconut
10910,234.0,138.0,187.0,Coconut
51355,234.0,139.0,187.0,Coconut
160,3105.0,140.0,121.0,Coconut
10912,3105.0,141.0,103.0,Coconut
51353,3105.0,142.0,71.0,Coconut
1279,236.0,143.0,3961.0,Coconut
13283,236.0,144.0,4247.0,Coconut
52119,2903.1,27.0,3290.0,Coconut
725,2903.1,27.0,3138.0,Coconut
12885,2903.1,27.0,3423.0,Coconut
51179,2996.6,27.0,3899.0,Coconut
468,2996.6,27.0,4015.0,Coconut
11841,2996.6,27.0,4279.0,Coconut
50975,3522.8,27.2,4167.0,Coconut
206,3522.8,27.2,4479.0,Coconut
10922,3522.8,27.2,3699.0,Coconut
51390,2903.1,27.0,4904.0,Coconut
177,2903.1,27.0,2821.0,Coconut
10723,2903.1,27.0,3472.0,Coconut
51709,2996.6,27.0,3647.0,Coconut
146,2996.6,27.0,393.0,Coconut
10910,2996.6,27.0,167.0,Coconut
51355,3522.8,27.2,71.0,Coconut
160,3522.8,27.2,52.0,Coconut
10912,3522.8,27.2,12.0,Coconut
51353,3729.8,27.1,51.0,Coconut
1279,3729.8,27.1,61.0,Coconut
13283,3729.8,27.1,67.0,Coconut
52119,2746.2,26.8,62.0,Coconut
725,2746.2,26.8,32.0,Coconut
12885,2746.2,26.8,22.0,Coconut
51179,3360.0,37.0,25.0,Cocoa
468,3360.0,37.0,4.0,Cocoa
11841,3360.0,37.0,9.0,Cocoa
50975,3605.4,38.0,12.0,Cocoa
206,3605.4,38.0,2089.0,Cocoa
10922,3605.4,38.0,2810.0,Cocoa
51390,3512.4,39.0,841.0,Coffee
177,3512.4,39.0,3550.0,Coffee
10723,3512.4,39.0,109.0,Coffee
51709,3296.0,40.0,3368.0,Coffee
146,3296.0,40.0,3671.0,Coffee
10910,3296.0,40.0,2404.0,Coffee
51355,3550.0,41.0,2805.0,Coffee
160,3550.0,41.0,2331.0,Coffee
10912,3550.0,41.0,2088.0,Coffee
51353,3654.0,42.0,2628.0,Coffee
142,3654.0,42.0,1939.0,Coffee
10505,3654.0,42.0,1871.0,Coffee
51040,233.0,43.0,1868.0,Coffee
154,233.0,43.0,127919.0,Coffee
10318,233.0,27.0,75340.0,Coffee
48083,234.0,27.0,29170.0,Cardamum
143,234.0,27.0,1901.0,Cardamum
9283,234.0,27.0,972.0,Cardamum
47200,3105.0,27.0,874.0,Cardamum
158,3105.0,27.0,592.0,Cardamum
8982,3105.0,27.2,864.0,Cardamum
46990,236.0,27.2,5373.0,Cardamum
103,236.0,27.2,6589.0,Cardamum
8239,2903.1,27.0,5107.0,Cardamum
44563,2903.1,27.0,5518.0,Cardamum
96,2903.1,27.0,4912.0,Cardamum
6949,2996.6,27.0,3830.0,Cardamum
44663,2996.6,27.0,4.0,Cardamum
110,2996.6,27.0,9.0,Cardamum
6824,3522.8,27.2,12.0,Cardamum
43013,3522.8,27.2,2089.0,Pepper
95,3522.8,27.2,2810.0,Pepper
6441,2903.1,27.1,841.0,Pepper
4012,2903.1,27.1,3550.0,Pepper
4877,2903.1,27.1,109.0,Pepper
4930,2996.6,26.8,3368.0,Pepper
4954,2996.6,26.8,3671.0,Pepper
5019,2996.6,26.8,2404.0,Pepper
5127,3522.8,37.0,2805.0,Pepper
5174,3522.8,37.0,2331.0,Pepper
5294,3522.8,37.0,2088.0,Pepper
5474,3729.8,38.0,2628.0,Pepper
5864,3729.8,38.0,1939.0,Pepper
7028,3729.8,38.0,1871.0,Pepper
7403,2746.2,39.0,1868.0,Pepper
7501,2746.2,39.0,127919.0,Arecanut
7714,2746.2,39.0,75340.0,Arecanut
7856,3360.0,40.0,29170.0,Arecanut
32,3360.0,40.0,1901.0,Arecanut
1,3360.0,40.0,972.0,Arecanut
30,3605.4,41.0,874.0,Arecanut
6,3605.4,41.0,592.0,Arecanut
15,3605.4,41.0,864.0,Arecanut
4,3512.4,42.0,5373.0,Arecanut
39,3512.4,42.0,6589.0,Arecanut
6,3512.4,42.0,5107.0,Arecanut
12,3296.0,43.0,5518.0,Arecanut
3,3296.0,27.0,4912.0,Arecanut
17,3296.0,27.0,3830.0,Arecanut
3,3550.0,27.0,4.0,Arecanut
9,3550.0,27.0,9.0,Ginger
21,3550.0,27.0,12.0,Ginger
11,3654.0,27.0,2089.0,Ginger
4,3654.0,27.2,2810.0,Ginger
15,3654.0,27.2,841.0,Ginger
8,233.0,27.2,3550.0,Ginger
29,233.0,27.0,109.0,Ginger
1,233.0,27.0,3368.0,Ginger
13736,234.0,27.0,3671.0,Ginger
14003,234.0,27.0,2404.0,Ginger
14179,234.0,27.0,2805.0,Ginger
14319,3105.0,27.0,2331.0,Ginger
14464,3105.0,27.2,2088.0,Ginger
14876,3105.0,27.2,2628.0,Ginger
14976,236.0,27.2,1939.0,Ginger
15009,236.0,27.1,1871.0,Tea
15114,2903.1,27.1,1868.0,Tea
16224,2903.1,27.1,127919.0,Tea
17095,2903.1,26.8,75340.0,Tea
17512,2996.6,26.8,29170.0,Tea
17587,2996.6,26.8,1901.0,Tea
17771,2996.6,37.0,972.0,Tea
17825,3522.8,37.0,874.0,Tea
3147,3522.8,37.0,592.0,Tea
2578,3522.8,38.0,864.0,Tea
1591,2903.1,38.0,5373.0,Tea
1298,2903.1,38.0,6589.0,Tea
4,2903.1,39.0,5107.0,Tea
1122,2996.6,39.0,5518.0,Tea
917,2996.6,39.0,4912.0,Tea
819,2996.6,40.0,3830.0,Paddy
619,3522.8,40.0,313547.0,Paddy
391,3522.8,40.0,2783.0,Paddy
211,3522.8,41.0,1533.0,Paddy
153,3729.8,41.0,1647.0,Paddy
111,3729.8,41.0,975.0,Paddy
76,3729.8,42.0,2.0,Paddy
53,2746.2,42.0,836.0,Paddy
2688,2746.2,42.0,806.0,Paddy
2311,2746.2,43.0,880.0,Paddy
2188,3360.0,43.0,770.0,Paddy
1998,3360.0,128.0,395.0,Paddy
2006,3360.0,129.0,187.0,Paddy
2034,3605.4,130.0,187.0,Paddy
2035,3605.4,131.0,121.0,Paddy
2074,2903.1,132.0,103.0,Groundnut
2127,2903.1,133.0,71.0,Groundnut
2090,2903.1,134.0,3961.0,Groundnut
2059,2996.6,135.0,4247.0,Groundnut
2050,2996.6,136.0,3290.0,Groundnut
1865,2996.6,137.0,3138.0,Groundnut
1841,3522.8,138.0,3423.0,Groundnut
1799,3522.8,139.0,3899.0,Groundnut
1468,3522.8,140.0,4015.0,Groundnut
568,3729.8,141.0,4279.0,Groundnut
407,2903.1,142.0,4167.0,Groundnut
177,2903.1,143.0,4479.0,Groundnut
51,2903.1,144.0,3699.0,Groundnut
173,2996.6,145.0,4904.0,Groundnut
201,2996.6,146.0,2821.0,Groundnut
206,2996.6,147.0,3472.0,Blackgram
243,3522.8,148.0,3647.0,Blackgram
123,3522.8,149.0,393.0,Blackgram
82,3522.8,150.0,167.0,Blackgram
74,3729.8,151.0,71.0,Blackgram
18,3729.8,152.0,52.0,Blackgram
37,3729.8,153.0,313547.0,Blackgram
35,2746.2,154.0,2783.0,Blackgram
5974,2746.2,155.0,1533.0,Blackgram
6631,2746.2,156.0,1647.0,Blackgram
6705,3360.0,157.0,975.0,Blackgram
5876,3360.0,158.0,2.0,Blackgram
326,3360.0,159.0,836.0,Blackgram
6470,3605.4,160.0,806.0,Blackgram
6709,3605.4,161.0,880.0,Blackgram
6186,3605.4,162.0,770.0,Cashew
6503,3512.4,163.0,395.0,Cashew
5220,3512.4,164.0,187.0,Cashew
4677,3512.4,165.0,187.0,Cashew
4803,3296.0,166.0,121.0,Cashew
3739,3296.0,167.0,103.0,Cashew
3529,3296.0,168.0,71.0,Cashew
3649,3550.0,169.0,3961.0,Cashew
1374,3550.0,170.0,4247.0,Cashew
933,3550.0,171.0,3290.0,Cashew
345,3654.0,172.0,3138.0,Cashew
29,3654.0,173.0,3423.0,Cashew
11,3654.0,174.0,3899.0,Cashew
10,233.0,175.0,4015.0,Cashew
7,233.0,176.0,4279.0,Cashew
10,233.0,177.0,4167.0,Coconut
56,234.0,178.0,4479.0,Coconut
68,234.0,179.0,3699.0,Coconut
56,234.0,180.0,4904.0,Coconut
66,3105.0,181.0,2821.0,Coconut
55,3105.0,182.0,3472.0,Coconut
42,3105.0,183.0,3647.0,Coconut
51179,236.0,184.0,393.0,Coconut
468,236.0,185.0,167.0,Coconut
11841,2903.1,186.0,71.0,Coconut
50975,2903.1,187.0,52.0,Coconut
206,2903.1,188.0,2570.0,Coconut
10922,2996.6,189.0,27170.0,Coconut
51390,2996.6,190.0,114744.0,Coconut
177,2996.6,191.0,1402.0,Coconut
10723,3522.8,192.0,23456.0,Coconut
51709,3522.8,193.0,107809.0,Ginger
146,3522.8,194.0,1132.0,Ginger
10910,3729.8,195.0,23960.0,Ginger
51355,3729.8,196.0,126487.0,Ginger
160,3729.8,197.0,804.0,Ginger
10912,2746.2,198.0,30362.0,Ginger
51353,2746.2,199.0,124492.0,Ginger
142,2746.2,200.0,792.0,Ginger
10505,3360.0,201.0,34153.0,Ginger
51040,3360.0,202.0,2570.0,Ginger
154,3360.0,203.0,27170.0,Ginger
10318,3605.4,204.0,114744.0,Ginger
48083,3605.4,205.0,1402.0,Ginger
143,3605.4,206.0,23456.0,Ginger
9283,3512.4,207.0,107809.0,Ginger
47200,3512.4,208.0,1132.0,Coconut
158,3512.4,209.0,23960.0,Coconut
8982,3296.0,210.0,126487.0,Coconut
46990,3296.0,211.0,804.0,Coconut
103,3296.0,212.0,30362.0,Coconut
8239,3550.0,213.0,124492.0,Coconut
44563,3550.0,214.0,792.0,Coconut
96,3550.0,215.0,34153.0,Coconut
6949,3654.0,216.0,132551.0,Coconut
44663,3654.0,217.0,338.0,Coconut
110,3654.0,218.0,22966.0,Coconut
6824,233.0,219.0,131763.0,Coconut
43013,233.0,220.0,404.0,Coconut
95,233.0,221.0,24184.0,Coconut
6441,234.0,222.0,124387.0,Coconut
4012,234.0,27.0,343.0,Coconut
4877,234.0,27.0,23099.0,Coconut
4930,3105.0,27.0,117825.84,Coconut
4954,3105.0,27.0,336.0,Coconut
5019,3105.0,27.0,22594.0,Coconut
5127,236.0,27.2,116481.07,Coconut
5174,2903.1,27.2,316.0,Coconut
5294,2903.1,27.2,21400.0,Coconut
5474,2903.1,27.0,122102.0,Coconut
5864,2996.6,27.0,382.0,Coconut
7028,2996.6,27.0,19578.0,Coconut
7403,2996.6,27.0,121037.0,Coconut
7501,3522.8,27.0,231.0,Coconut
7714,3522.8,27.0,18951.0,Coconut
7856,3522.8,27.2,110579.0,Coconut
32,3729.8,27.2,221.0,Coconut
1,3729.8,27.2,15362.0,Coconut
30,3729.8,27.1,120373.0,Coconut
6,2746.2,27.1,291.0,Coconut
15,2746.2,27.1,17231.0,Coconut
4,2746.2,26.8,119359.0,Coconut
39,3360.0,26.8,283.0,Coconut
6,3360.0,26.8,17690.0,Coconut
12,3360.0,37.0,7157.0,Coconut
3,3605.4,37.0,8700.0,Coconut
17,3605.4,37.0,41266.0,Coconut
3,3605.4,38.0,8838.0,Coconut
9,3512.4,38.0,8954.0,Coconut
21,3512.4,38.0,42915.0,Coconut
11,3512.4,39.0,9230.0,Coconut
4,3296.0,39.0,44313.0,Coconut
15,3296.0,39.0,45820.0,Coconut
8,3296.0,40.0,49084.0,Coconut
29,3550.0,40.0,86311.0,Coconut
1,3550.0,40.0,57642.0,Coconut
13736,3550.0,41.0,58405.0,Coconut
14003,3654.0,41.0,60751.0,Coconut
14179,3654.0,41.0,109506.0,Coconut
14319,3654.0,42.0,114.0,Coconut
14464,233.0,42.0,3.0,Coconut
14876,233.0,42.0,95.0,Coconut
14976,233.0,43.0,19.0,Coconut
15009,234.0,43.0,54.0,Coconut
15114,234.0,27.0,13.0,Coconut
16224,234.0,27.0,123.0,Coconut
17095,3105.0,27.0,19.0,Coconut
17512,3105.0,27.0,32.0,Coconut
17587,3105.0,27.0,8.0,Coconut
17771,236.0,27.0,50.0,Coconut
17825,236.0,27.2,10.0,Coconut
3147,321.0,27.2,29.0,Coconut
2578,3654.0,27.2,44.0,Coconut
1591,323.0,27.0,33.0,Coconut
1298,324.0,27.0,14.0,Coconut
4,3105.0,27.0,56.0,Coconut
1122,326.0,27.0,26.0,Coconut
917,327.0,27.0,98.0,Coconut
819,328.0,27.0,3.0,Coconut
619,2903.1,27.2,58637.0,Coconut
391,2903.1,27.2,59777.0,Coconut
211,2903.1,27.2,60528.0,Coconut
153,2996.6,27.1,61126.0,Coconut
111,2996.6,27.1,623687.0,Coconut
76,2996.6,27.1,63504.0,Coconut
53,3522.8,26.8,63931.0,Coconut
2688,3522.8,26.8,73730.0,Coconut
2311,3522.8,26.8,118416.0,Coconut
2188,3729.8,37.0,130132.0,Coconut
1998,3729.8,37.0,154889.0,Coconut
2006,3729.8,37.0,171739.0,Coconut
2034,2746.2,38.0,172475.0,Coconut
2035,2746.2,38.0,177939.0,Coconut
2074,2746.2,38.0,313547.0,Coconut
2127,3360.0,39.0,2783.0,Coconut
2090,3360.0,39.0,1533.0,Coconut
2059,3360.0,39.0,1647.0,Coconut
2050,3605.4,40.0,975.0,Coconut
1865,3605.4,40.0,2.0,Coconut
1841,3605.4,40.0,836.0,Coconut
1799,3512.4,41.0,806.0,Coconut
1468,3512.4,41.0,880.0,Coconut
568,3512.4,41.0,770.0,Coconut
407,3296.0,42.0,395.0,Coconut
177,3296.0,42.0,187.0,Coconut
51,3296.0,42.0,187.0,Coconut
173,3550.0,43.0,121.0,Coconut
201,3550.0,27.0,103.0,Coconut
206,3550.0,27.0,71.0,Coconut
243,3654.0,27.0,3961.0,Coconut
123,3654.0,27.0,4247.0,Coconut
82,3654.0,27.0,3290.0,Coconut
74,233.0,27.0,3138.0,Coconut
18,233.0,27.0,3423.0,Coconut
37,233.0,27.0,3899.0,Coconut
35,234.0,27.2,4015.0,Coconut
5974,234.0,27.2,4279.0,Coconut
6631,234.0,27.2,4167.0,Coconut
6705,3105.0,27.0,4479.0,Coconut
5876,3105.0,27.0,3699.0,Coconut
326,3105.0,27.0,4904.0,Coconut
6470,236.0,27.0,2821.0,Coconut
6709,236.0,27.0,3472.0,Coconut
6186,2903.1,27.0,3647.0,Coconut
6503,2903.1,27.2,393.0,Coconut
5220,2903.1,27.2,167.0,Coconut
4677,2996.6,27.2,71.0,Coconut
1279,2996.6,27.1,52.0,Coconut
13283,2996.6,27.1,12.0,Coconut
52119,3522.8,27.1,51.0,Coconut
725,3522.8,26.8,61.0,Coconut
12885,3522.8,26.8,67.0,Coconut
51179,2903.1,27.1,62.0,Coconut
468,2903.1,27.1,32.0,Coconut
11841,2903.1,26.8,22.0,Coconut
50975,2996.6,26.8,25.0,Coconut
206,2996.6,26.8,4.0,Coconut
10922,2996.6,37.0,9.0,Cocoa
51390,3522.8,37.0,12.0,Cocoa
177,3522.8,37.0,2089.0,Cocoa
10723,3522.8,38.0,2810.0,Cocoa
51709,3729.8,38.0,841.0,Cocoa
146,3729.8,38.0,3550.0,Cocoa
10910,3729.8,39.0,109.0,Coffee
51355,2746.2,39.0,3368.0,Coffee
160,2746.2,39.0,3671.0,Coffee
10912,2746.2,40.0,2404.0,Coffee
51353,3360.0,40.0,2805.0,Coffee
142,3360.0,40.0,2331.0,Coffee
10505,3360.0,41.0,2088.0,Coffee
51040,3605.4,41.0,2628.0,Coffee
154,3605.4,41.0,1939.0,Coffee
10318,3605.4,42.0,1871.0,Coffee
48083,3512.4,42.0,1868.0,Coffee
143,3512.4,27.0,127919.0,Coffee
9283,3512.4,27.0,75340.0,Coffee
47200,3296.0,27.0,29170.0,Coffee
158,3296.0,27.0,1901.0,Coffee
8982,3296.0,27.0,972.0,Cardamum
46990,3550.0,27.0,874.0,Cardamum
103,3550.0,27.2,592.0,Cardamum
8239,3550.0,27.2,864.0,Cardamum
44563,3654.0,27.2,5373.0,Cardamum
96,3654.0,27.0,6589.0,Cardamum
6949,3654.0,27.0,5107.0,Cardamum
44663,233.0,27.0,5518.0,Cardamum
110,233.0,27.0,4912.0,Cardamum
6824,233.0,27.0,3830.0,Cardamum
43013,234.0,27.0,4.0,Cardamum
95,234.0,27.2,9.0,Cardamum
6441,234.0,27.2,12.0,Cardamum
4012,3105.0,27.2,2089.0,Cardamum
4877,3105.0,27.1,2810.0,Cardamum
4930,3105.0,27.1,841.0,Pepper
4954,236.0,27.1,3550.0,Pepper
5019,236.0,26.8,109.0,Pepper
5127,2903.1,26.8,3368.0,Pepper
5174,2903.1,26.8,3671.0,Pepper
5294,2903.1,37.0,2404.0,Pepper
5474,2996.6,37.0,2805.0,Pepper
5864,2996.6,37.0,2331.0,Pepper
7028,2996.6,38.0,2088.0,Pepper
7403,3522.8,38.0,2628.0,Pepper
7501,3522.8,38.0,1939.0,Pepper
7714,3522.8,39.0,1871.0,Pepper
7856,2903.1,39.0,1868.0,Pepper
32,2903.1,39.0,127919.0,Pepper
1,2903.1,40.0,75340.0,Pepper
30,2996.6,40.0,29170.0,Arecanut
6,2996.6,40.0,1901.0,Arecanut
15,2996.6,41.0,972.0,Arecanut
4,3522.8,41.0,874.0,Arecanut
39,3522.8,41.0,592.0,Arecanut
6,3522.8,42.0,864.0,Arecanut
12,3729.8,42.0,5373.0,Arecanut
3,3729.8,42.0,6589.0,Arecanut
17,3729.8,43.0,5107.0,Arecanut
3,2746.2,43.0,5518.0,Arecanut
9,2746.2,27.0,4912.0,Arecanut
21,2746.2,27.0,3830.0,Arecanut
11,3360.0,27.0,4.0,Arecanut
4,3360.0,27.0,9.0,Arecanut
15,3360.0,27.0,12.0,Arecanut
8,3605.4,27.0,2089.0,Ginger
29,3605.4,27.2,2810.0,Ginger
1,3605.4,27.2,841.0,Ginger
13736,3512.4,27.2,3550.0,Ginger
14003,3512.4,27.0,109.0,Ginger
14179,3512.4,27.0,3368.0,Ginger
14319,3296.0,27.0,3671.0,Ginger
14464,3296.0,27.0,2404.0,Ginger
14876,3296.0,27.0,2805.0,Ginger
14976,3550.0,27.0,2331.0,Ginger
15009,3550.0,27.2,2088.0,Ginger
15114,3550.0,27.2,2628.0,Ginger
16224,3654.0,27.2,1939.0,Ginger
17095,3654.0,27.1,1871.0,Ginger
17512,3654.0,27.1,1868.0,Ginger
17587,233.0,27.1,127919.0,Tea
17771,233.0,26.8,75340.0,Tea
17825,233.0,26.8,29170.0,Tea
3147,234.0,26.8,1901.0,Tea
2578,234.0,37.0,972.0,Tea
1591,234.0,37.0,874.0,Tea
1298,3105.0,37.0,592.0,Tea
4,3105.0,38.0,864.0,Tea
1122,3105.0,38.0,5373.0,Tea
917,236.0,38.0,6589.0,Tea
819,236.0,39.0,5107.0,Tea
619,2903.1,39.0,5518.0,Tea
391,2903.1,39.0,4912.0,Tea
211,2903.1,40.0,3830.0,Tea
153,2996.6,40.0,313547.0,Tea
111,2996.6,40.0,2783.0,Paddy
76,2996.6,41.0,1533.0,Paddy
53,3522.8,41.0,1647.0,Paddy
2688,3522.8,41.0,975.0,Paddy
2311,3522.8,42.0,2.0,Paddy
2188,2903.1,42.0,836.0,Paddy
1998,2903.1,42.0,806.0,Paddy
2006,2903.1,43.0,880.0,Paddy
2034,2996.6,27.0,770.0,Paddy
2035,2996.6,27.0,395.0,Paddy
2074,2996.6,27.0,187.0,Paddy
2127,3522.8,27.0,187.0,Paddy
2090,3522.8,27.0,121.0,Paddy
2059,3522.8,27.0,103.0,Paddy
2050,3729.8,27.2,71.0,Paddy
1865,3729.8,27.2,3961.0,Groundnut
1841,3729.8,27.2,4247.0,Groundnut
1799,2746.2,27.0,3290.0,Groundnut
1468,2746.2,27.0,3138.0,Groundnut
568,2746.2,27.0,3423.0,Groundnut
407,3360.0,27.0,3899.0,Groundnut
177,3360.0,27.0,4015.0,Groundnut
51,3360.0,27.0,4279.0,Groundnut
173,3605.4,27.2,4167.0,Groundnut
201,3605.4,27.2,4479.0,Groundnut
206,2903.1,27.2,3699.0,Groundnut
243,2903.1,27.1,4904.0,Groundnut
123,2903.1,27.1,2821.0,Groundnut
82,2996.6,27.1,3472.0,Groundnut
74,2996.6,26.8,3647.0,Groundnut
18,2996.6,26.8,393.0,Blackgram
37,3522.8,26.8,167.0,Blackgram
35,3522.8,37.0,71.0,Blackgram
5974,3522.8,37.0,52.0,Blackgram
6631,3729.8,37.0,313547.0,Blackgram
6705,3729.8,38.0,2783.0,Blackgram
5876,3729.8,38.0,1533.0,Blackgram
326,2746.2,38.0,1647.0,Blackgram
6470,2746.2,39.0,975.0,Blackgram
6709,2746.2,39.0,2.0,Blackgram
6186,3360.0,39.0,836.0,Blackgram
6503,3360.0,40.0,806.0,Blackgram
5220,3360.0,40.0,880.0,Blackgram
4677,3605.4,40.0,770.0,Blackgram
4803,3605.4,41.0,395.0,Blackgram
3739,3605.4,41.0,187.0,Cashew
3529,3512.4,41.0,187.0,Cashew
3649,3512.4,42.0,121.0,Cashew
1374,3512.4,42.0,103.0,Cashew
933,3296.0,42.0,71.0,Cashew
345,3550.0,43.0,3961.0,Cashew
29,3550.0,43.0,4247.0,Cashew
11,3550.0,128.0,3290.0,Cashew
10,3654.0,129.0,3138.0,Cashew
7,3654.0,130.0,3423.0,Cashew
10,3654.0,131.0,3899.0,Cashew
56,233.0,132.0,4015.0,Cashew
68,233.0,133.0,4279.0,Cashew
56,233.0,134.0,4167.0,Cashew
66,234.0,135.0,4479.0,Cashew
55,234.0,136.0,3699.0,Coconut
42,234.0,137.0,4904.0,Coconut
51179,3105.0,138.0,2821.0,Coconut
468,3105.0,139.0,3472.0,Coconut
11841,3105.0,140.0,3647.0,Coconut
50975,236.0,141.0,393.0,Coconut
206,236.0,142.0,167.0,Coconut
10922,2903.1,143.0,71.0,Coconut
51390,2903.1,144.0,52.0,Coconut
177,2903.1,145.0,2570.0,Coconut
10723,2996.6,146.0,27170.0,Coconut
51709,2996.6,147.0,114744.0,Coconut
146,2996.6,148.0,1402.0,Coconut
10910,3296.0,149.0,23456.0,Coconut
51355,3550.0,150.0,107809.0,Coconut
160,3550.0,151.0,1132.0,Coconut
10912,3550.0,152.0,23960.0,Ginger
51353,3654.0,153.0,126487.0,Ginger
142,3654.0,154.0,804.0,Ginger
10505,3654.0,155.0,30362.0,Ginger
51040,233.0,156.0,124492.0,Ginger
154,233.0,157.0,792.0,Ginger
10318,233.0,158.0,34153.0,Ginger
48083,234.0,159.0,2570.0,Ginger
143,234.0,160.0,27170.0,Ginger
9283,234.0,161.0,114744.0,Ginger
47200,3105.0,162.0,1402.0,Ginger
158,3105.0,163.0,23456.0,Ginger
8982,3105.0,164.0,107809.0,Ginger
46990,236.0,165.0,1132.0,Ginger
103,236.0,166.0,23960.0,Ginger
8239,2903.1,167.0,126487.0,Coconut
44563,2903.1,168.0,804.0,Coconut
96,2903.1,169.0,30362.0,Coconut
6949,2996.6,170.0,124492.0,Coconut
44663,2996.6,171.0,792.0,Coconut
110,2996.6,172.0,34153.0,Coconut
6824,2903.1,173.0,132551.0,Coconut
43013,2903.1,174.0,338.0,Coconut
95,2903.1,175.0,22966.0,Coconut
6441,2996.6,176.0,131763.0,Coconut
4012,2996.6,177.0,404.0,Coconut
4877,2996.6,178.0,24184.0,Coconut
4930,3522.8,179.0,124387.0,Coconut
4954,3522.8,180.0,343.0,Coconut
5019,3522.8,181.0,23099.0,Coconut
5127,3729.8,182.0,117825.84,Coconut
5174,3729.8,183.0,336.0,Coconut
5294,3729.8,184.0,22594.0,Coconut
5474,2746.2,185.0,116481.07,Coconut
5864,2746.2,186.0,316.0,Coconut
7028,2746.2,187.0,21400.0,Coconut
7403,3360.0,188.0,122102.0,Coconut
7501,3360.0,189.0,382.0,Coconut
7714,3360.0,190.0,19578.0,Coconut
7856,3605.4,191.0,121037.0,Coconut
32,3605.4,192.0,231.0,Coconut
1,3605.4,193.0,18951.0,Coconut
30,3512.4,194.0,110579.0,Coconut
6,3512.4,195.0,221.0,Coconut
15,3512.4,196.0,15362.0,Coconut
4,3296.0,197.0,120373.0,Coconut
39,3296.0,198.0,291.0,Coconut
6,3296.0,199.0,17231.0,Coconut
12,3550.0,200.0,119359.0,Coconut
3,3550.0,201.0,283.0,Coconut
17,3550.0,202.0,17690.0,Coconut
3,3654.0,203.0,7157.0,Coconut
9,3654.0,204.0,8700.0,Coconut
21,3654.0,205.0,41266.0,Coconut
11,233.0,206.0,8838.0,Coconut
4,233.0,207.0,8954.0,Coconut
15,233.0,208.0,42915.0,Coconut
8,234.0,209.0,9230.0,Coconut
29,234.0,210.0,44313.0,Coconut
1,234.0,211.0,45820.0,Coconut
13736,3105.0,212.0,49084.0,Coconut
14003,3105.0,213.0,86311.0,Coconut
14179,3105.0,214.0,57642.0,Coconut
14319,236.0,215.0,58405.0,Coconut
14464,236.0,216.0,60751.0,Coconut
14876,2903.1,217.0,109506.0,Coconut
14976,2903.1,218.0,114.0,Coconut
15009,2903.1,219.0,3.0,Coconut
15114,2996.6,220.0,95.0,Coconut
16224,2996.6,221.0,19.0,Coconut
17095,2996.6,222.0,54.0,Coconut
17512,3522.8,27.0,13.0,Coconut
17587,3522.8,27.0,123.0,Coconut
17771,3522.8,27.0,19.0,Coconut
17825,3729.8,27.0,32.0,Coconut
3147,3729.8,27.0,8.0,Coconut
2578,3729.8,27.2,50.0,Coconut
1591,2746.2,27.2,10.0,Coconut
1298,2746.2,27.2,29.0,Coconut
4,2746.2,27.0,44.0,Coconut
1122,3360.0,27.0,33.0,Coconut
917,3360.0,27.0,14.0,Coconut
819,3360.0,27.0,56.0,Coconut
619,3605.4,27.0,26.0,Coconut
391,3605.4,27.0,98.0,Coconut
211,3605.4,27.2,3.0,Coconut
153,3512.4,27.2,58637.0,Coconut
111,3512.4,27.2,59777.0,Coconut
76,3512.4,27.1,60528.0,Coconut
53,3296.0,27.1,61126.0,Coconut
2688,3296.0,27.1,623687.0,Coconut
2311,3296.0,26.8,63504.0,Coconut
2188,3550.0,26.8,63931.0,Coconut
1998,3550.0,26.8,73730.0,Coconut
2006,3550.0,37.0,118416.0,Coconut
2034,3654.0,37.0,130132.0,Coconut
2035,3654.0,37.0,154889.0,Coconut
2074,3654.0,38.0,171739.0,Coconut
2127,233.0,38.0,172475.0,Coconut
2090,233.0,38.0,177939.0,Coconut
2059,233.0,39.0,313547.0,Coconut
2050,2903.1,39.0,2783.0,Coconut
1865,2903.1,39.0,1533.0,Coconut
1841,2903.1,40.0,1647.0,Coconut
1799,2996.6,40.0,975.0,Coconut
1468,2996.6,40.0,2.0,Coconut
568,2996.6,41.0,836.0,Coconut
407,3522.8,41.0,806.0,Coconut
177,3522.8,41.0,880.0,Coconut
51,3522.8,42.0,770.0,Coconut
173,3729.8,42.0,395.0,Coconut
201,3729.8,42.0,187.0,Coconut
206,3729.8,43.0,187.0,Coconut
243,2746.2,43.0,121.0,Coconut
123,2746.2,27.0,103.0,Coconut
82,2746.2,27.0,71.0,Coconut
74,3360.0,27.0,3961.0,Coconut
18,3360.0,27.0,4247.0,Coconut
37,3360.0,27.0,3290.0,Coconut
35,3605.4,27.0,3138.0,Coconut
5974,3605.4,27.2,3423.0,Coconut
6631,3605.4,27.2,3899.0,Coconut
6705,3512.4,27.2,4015.0,Coconut
5876,3512.4,27.0,4279.0,Coconut
326,3512.4,27.0,4167.0,Coconut
6470,3296.0,27.0,4479.0,Coconut
6709,3296.0,27.0,3699.0,Coconut
6186,3296.0,27.0,4904.0,Coconut
6503,3550.0,27.0,2821.0,Coconut
5220,3550.0,27.2,3472.0,Coconut
4677,3550.0,27.2,3647.0,Coconut
1279,3654.0,27.2,393.0,Coconut
13283,3654.0,27.1,167.0,Coconut
52119,3654.0,27.1,71.0,Coconut
725,233.0,27.1,52.0,Coconut
12885,233.0,26.8,12.0,Coconut
51179,233.0,26.8,51.0,Coconut
468,234.0,26.8,61.0,Coconut
11841,234.0,37.0,67.0,Coconut
50975,234.0,37.0,62.0,Coconut
206,3105.0,37.0,32.0,Coconut
10922,3105.0,38.0,22.0,Coconut
51390,3105.0,38.0,25.0,Coconut
177,236.0,38.0,4.0,Coconut
10723,236.0,39.0,9.0,Coconut
51709,2903.1,39.0,12.0,Coconut
146,2903.1,39.0,2089.0,Cocoa
10910,2903.1,40.0,2810.0,Cocoa
51355,2996.6,40.0,841.0,Cocoa
160,2996.6,40.0,3550.0,Cocoa
10912,2996.6,41.0,109.0,Cocoa
51353,3522.8,41.0,3368.0,Cocoa
142,3522.8,41.0,3671.0,Coffee
10505,3522.8,42.0,2404.0,Coffee
51040,3729.8,42.0,2805.0,Coffee
154,3729.8,42.0,2331.0,Coffee
10318,3729.8,43.0,2088.0,Coffee
48083,2746.2,27.0,2628.0,Coffee
143,2746.2,27.0,1939.0,Coffee
9283,2746.2,27.0,1871.0,Coffee
47200,3360.0,27.0,1868.0,Coffee
158,3360.0,27.0,127919.0,Coffee
8982,3360.0,27.0,75340.0,Coffee
46990,3605.4,27.0,29170.0,Coffee
103,3605.4,27.0,1901.0,Coffee
8239,3605.4,27.2,972.0,Coffee
44563,3512.4,27.2,874.0,Coffee
96,3512.4,27.2,592.0,Cardamum
6949,3512.4,27.0,864.0,Cardamum
44663,3296.0,27.0,5373.0,Cardamum
110,3296.0,27.0,6589.0,Cardamum
6824,3296.0,27.0,5107.0,Cardamum
43013,3550.0,27.0,5518.0,Cardamum
95,3550.0,27.0,4912.0,Cardamum
6441,3550.0,27.2,3830.0,Cardamum
4012,3654.0,27.2,4.0,Cardamum
4877,3654.0,27.2,9.0,Cardamum
4930,3654.0,27.1,12.0,Cardamum
4954,233.0,27.1,2089.0,Cardamum
5019,233.0,27.1,2810.0,Cardamum
5127,233.0,26.8,841.0,Cardamum
5174,2903.1,26.8,3550.0,Cardamum
5294,2903.1,27.1,109.0,Pepper
5474,2903.1,27.1,3368.0,Pepper
5864,2996.6,26.8,3671.0,Pepper
7028,2996.6,26.8,2404.0,Pepper
7403,2996.6,26.8,2805.0,Pepper
7501,3522.8,37.0,2331.0,Pepper
7714,3522.8,37.0,2088.0,Pepper
7856,3522.8,37.0,2628.0,Pepper
32,3729.8,38.0,1939.0,Pepper
1,3729.8,38.0,1871.0,Pepper
30,3729.8,38.0,1868.0,Pepper
6,2746.2,39.0,127919.0,Pepper
15,2746.2,39.0,75340.0,Pepper
4,2746.2,39.0,29170.0,Pepper
39,3360.0,40.0,1901.0,Pepper
6,3360.0,40.0,972.0,Arecanut
12,3360.0,40.0,874.0,Arecanut
3,3605.4,41.0,592.0,Arecanut
17,3605.4,41.0,864.0,Arecanut
3,3605.4,41.0,5373.0,Arecanut
9,3512.4,42.0,6589.0,Arecanut
21,3512.4,42.0,5107.0,Arecanut
11,3512.4,27.0,5518.0,Arecanut
4,3296.0,27.0,4912.0,Arecanut
15,3296.0,27.0,3830.0,Arecanut
8,3296.0,27.0,4.0,Arecanut
29,3550.0,27.0,9.0,Arecanut
1,3550.0,27.0,12.0,Arecanut
13736,3550.0,27.2,2089.0,Arecanut
14003,3654.0,27.2,2810.0,Arecanut
14179,3654.0,27.2,841.0,Ginger
14319,3654.0,27.0,3550.0,Ginger
14464,233.0,27.0,109.0,Ginger
14876,233.0,27.0,3368.0,Ginger
14976,233.0,27.0,3671.0,Ginger
15009,234.0,27.0,2404.0,Ginger
15114,234.0,27.0,2805.0,Ginger
16224,234.0,27.2,2331.0,Ginger
17095,3105.0,27.2,2088.0,Ginger
17512,3105.0,27.2,2628.0,Ginger
17587,3105.0,27.1,1939.0,Ginger
17771,236.0,27.1,1871.0,Ginger
17825,236.0,27.1,1868.0,Ginger
3147,2903.1,26.8,127919.0,Ginger
2578,2903.1,26.8,75340.0,Ginger
1591,2903.1,26.8,29170.0,Tea
1298,2996.6,37.0,1901.0,Tea
4,2996.6,37.0,972.0,Tea
1122,2996.6,37.0,874.0,Tea
917,3522.8,38.0,592.0,Tea
819,3522.8,38.0,864.0,Tea
619,3522.8,38.0,5373.0,Tea
391,3729.8,39.0,6589.0,Tea
211,3729.8,39.0,5107.0,Tea
153,3729.8,39.0,5518.0,Tea
111,2746.2,40.0,4912.0,Tea
76,2746.2,40.0,3830.0,Tea
53,2746.2,40.0,313547.0,Tea
2688,3360.0,41.0,2783.0,Tea
2311,3360.0,41.0,1533.0,Tea
2188,3360.0,41.0,1647.0,Paddy
1998,3605.4,42.0,975.0,Paddy
2006,3605.4,42.0,2.0,Paddy
2034,3605.4,42.0,836.0,Paddy
2035,3512.4,43.0,806.0,Paddy
2074,3512.4,43.0,880.0,Paddy
2127,3512.4,27.0,770.0,Paddy
2090,3296.0,27.0,395.0,Paddy
2059,3296.0,27.0,187.0,Paddy
2050,3296.0,27.0,187.0,Paddy
1865,3550.0,27.0,121.0,Paddy
1841,3550.0,27.0,103.0,Paddy
1799,3550.0,27.2,71.0,Paddy
1468,3654.0,27.2,3961.0,Paddy
568,3654.0,27.2,4247.0,Paddy
407,3654.0,27.0,3290.0,Groundnut
177,233.0,27.0,3138.0,Groundnut
51,233.0,27.0,3423.0,Groundnut
173,233.0,27.0,3899.0,Groundnut
201,234.0,27.0,4015.0,Groundnut
206,234.0,27.0,4279.0,Groundnut
243,234.0,27.2,4167.0,Groundnut
123,3105.0,27.2,4479.0,Groundnut
82,3105.0,27.2,3699.0,Groundnut
74,3105.0,27.1,4904.0,Groundnut
18,236.0,27.1,2821.0,Groundnut
37,2903.1,27.1,3472.0,Groundnut
35,2903.1,26.8,3647.0,Groundnut
5974,2903.1,26.8,393.0,Groundnut
6631,2996.6,26.8,167.0,Groundnut
6705,2996.6,37.0,71.0,Blackgram
5876,2996.6,37.0,52.0,Blackgram
326,3522.8,37.0,313547.0,Blackgram
6470,3522.8,38.0,2783.0,Blackgram
6709,3522.8,38.0,1533.0,Blackgram
6186,3729.8,38.0,1647.0,Blackgram
6503,3729.8,39.0,975.0,Blackgram
5220,3729.8,39.0,2.0,Blackgram
4677,2746.2,39.0,836.0,Blackgram
4803,2746.2,40.0,806.0,Blackgram
3739,2746.2,40.0,880.0,Blackgram
3529,3360.0,40.0,770.0,Blackgram
3649,3360.0,41.0,395.0,Blackgram
1374,3360.0,41.0,187.0,Blackgram
933,3605.4,41.0,187.0,Blackgram
345,3605.4,42.0,121.0,Cashew
29,3605.4,42.0,103.0,Cashew
11,3512.4,42.0,71.0,Cashew
10,3512.4,43.0,3961.0,Cashew
7,3512.4,27.0,4247.0,Cashew
10,3296.0,27.0,3290.0,Cashew
56,3296.0,27.0,3138.0,Cashew
68,3296.0,27.0,3423.0,Cashew
56,3550.0,27.0,3899.0,Cashew
66,3550.0,27.0,4015.0,Cashew
55,3550.0,27.2,4279.0,Cashew
42,3654.0,27.2,4167.0,Cashew
51179,3654.0,27.2,4479.0,Cashew
468,3654.0,27.0,3699.0,Cashew
11841,233.0,27.0,4904.0,Cashew
50975,233.0,27.0,2821.0,Coconut
206,233.0,27.0,3472.0,Coconut
10922,234.0,27.0,3647.0,Coconut
51390,234.0,27.0,393.0,Coconut
177,234.0,27.2,167.0,Coconut
10723,3105.0,27.2,71.0,Coconut
51709,3105.0,27.2,52.0,Coconut
146,3105.0,27.1,2570.0,Coconut
10910,236.0,27.1,27170.0,Coconut
51355,236.0,27.1,114744.0,Coconut
160,321.0,26.8,1402.0,Coconut
10912,3654.0,26.8,23456.0,Coconut
51353,323.0,26.8,107809.0,Coconut
142,324.0,37.0,1132.0,Coconut
10505,3105.0,37.0,23960.0,Coconut
51040,326.0,37.0,126487.0,Coconut
154,327.0,38.0,804.0,Ginger
10318,328.0,38.0,30362.0,Ginger
48083,2903.1,38.0,124492.0,Ginger
143,2903.1,39.0,792.0,Ginger
9283,2903.1,39.0,34153.0,Ginger
47200,2996.6,39.0,2570.0,Ginger
158,2996.6,40.0,27170.0,Ginger
8982,2996.6,40.0,114744.0,Ginger
46990,3522.8,40.0,1402.0,Ginger
103,3522.8,41.0,23456.0,Ginger
8239,3522.8,41.0,107809.0,Ginger
44563,3729.8,41.0,1132.0,Ginger
96,3729.8,42.0,23960.0,Ginger
6949,3729.8,42.0,126487.0,Ginger
44663,2746.2,42.0,804.0,Ginger
110,2746.2,43.0,30362.0,Coconut
6824,2746.2,43.0,124492.0,Coconut
43013,3360.0,128.0,792.0,Coconut
95,3360.0,129.0,34153.0,Coconut
6441,3360.0,130.0,132551.0,Coconut
4012,3605.4,131.0,338.0,Coconut
4877,3605.4,132.0,22966.0,Coconut
4930,3605.4,133.0,131763.0,Coconut
4954,3512.4,134.0,404.0,Coconut
5019,3512.4,135.0,24184.0,Coconut
5127,3512.4,136.0,124387.0,Coconut
5174,3296.0,137.0,343.0,Coconut
5294,3296.0,138.0,23099.0,Coconut
5474,3296.0,139.0,117825.84,Coconut
5864,3550.0,140.0,336.0,Coconut
7028,3550.0,141.0,22594.0,Coconut
7403,3550.0,142.0,116481.07,Coconut
7501,3654.0,143.0,316.0,Coconut
7714,3654.0,144.0,21400.0,Coconut
7856,3654.0,145.0,122102.0,Coconut
32,233.0,146.0,382.0,Coconut
1,233.0,147.0,19578.0,Coconut
30,233.0,148.0,121037.0,Coconut
6,234.0,149.0,231.0,Coconut
15,234.0,150.0,18951.0,Coconut
4,234.0,151.0,110579.0,Coconut
39,3105.0,152.0,221.0,Coconut
6,3105.0,153.0,15362.0,Coconut
12,3105.0,154.0,120373.0,Coconut
3,236.0,155.0,291.0,Coconut
17,236.0,156.0,17231.0,Coconut
3,2903.1,157.0,119359.0,Coconut
9,2903.1,158.0,283.0,Coconut
21,2903.1,159.0,17690.0,Coconut
11,2996.6,160.0,7157.0,Coconut
4,2996.6,161.0,8700.0,Coconut
15,2996.6,162.0,41266.0,Coconut
8,3522.8,163.0,8838.0,Coconut
29,3522.8,164.0,8954.0,Coconut
1,3522.8,165.0,42915.0,Coconut
13736,2903.1,166.0,9230.0,Coconut
14003,2903.1,167.0,44313.0,Coconut
14179,2903.1,168.0,45820.0,Coconut
14319,2996.6,169.0,49084.0,Coconut
14464,2996.6,170.0,86311.0,Coconut
14876,2996.6,171.0,57642.0,Coconut
14976,3522.8,172.0,58405.0,Coconut
15009,3522.8,173.0,60751.0,Coconut
15114,3522.8,174.0,109506.0,Coconut
16224,3729.8,175.0,114.0,Coconut
17095,3729.8,176.0,3.0,Coconut
17512,3729.8,177.0,95.0,Coconut
17587,2746.2,178.0,19.0,Coconut
17771,2746.2,179.0,54.0,Coconut
17825,2746.2,180.0,13.0,Coconut
3147,3360.0,181.0,123.0,Coconut
2578,3360.0,182.0,19.0,Coconut
1591,3360.0,183.0,32.0,Coconut
1298,3605.4,184.0,8.0,Coconut
4,3605.4,185.0,50.0,Coconut
1122,3605.4,186.0,10.0,Coconut
917,3512.4,187.0,29.0,Coconut
819,3512.4,188.0,44.0,Coconut
619,3512.4,189.0,33.0,Coconut
391,3296.0,190.0,14.0,Coconut
211,3296.0,191.0,56.0,Coconut
153,3296.0,192.0,26.0,Coconut
111,3550.0,193.0,98.0,Coconut
76,3550.0,194.0,3.0,Coconut
53,3550.0,195.0,58637.0,Coconut
2688,3654.0,196.0,59777.0,Coconut
2311,3654.0,197.0,60528.0,Coconut
2188,3654.0,198.0,61126.0,Coconut
1998,233.0,199.0,623687.0,Coconut
2006,233.0,200.0,63504.0,Coconut
2034,233.0,201.0,63931.0,Coconut
2035,234.0,202.0,73730.0,Coconut
2074,234.0,203.0,118416.0,Coconut
2127,234.0,204.0,130132.0,Coconut
2090,3105.0,205.0,154889.0,Coconut
2059,3105.0,206.0,171739.0,Coconut
2050,3105.0,207.0,172475.0,Coconut
1865,236.0,208.0,177939.0,Coconut
1841,236.0,209.0,313547.0,Coconut
1799,2903.1,210.0,2783.0,Coconut
1468,2903.1,211.0,1533.0,Coconut
568,2903.1,212.0,1647.0,Coconut
407,2996.6,213.0,975.0,Coconut
177,2996.6,214.0,2.0,Coconut
51,2996.6,215.0,836.0,Coconut
173,3522.8,216.0,806.0,Coconut
201,3522.8,217.0,880.0,Coconut
206,3522.8,218.0,770.0,Coconut
243,2903.1,219.0,395.0,Coconut
123,2903.1,220.0,187.0,Coconut
82,2903.1,221.0,187.0,Coconut
74,2996.6,222.0,121.0,Coconut
18,2996.6,27.0,103.0,Coconut
37,2996.6,27.0,71.0,Coconut
35,3522.8,27.0,3961.0,Coconut
5974,3522.8,27.0,4247.0,Coconut
6631,3522.8,27.0,3290.0,Coconut
6705,3729.8,27.2,3138.0,Coconut
5876,3729.8,27.2,3423.0,Coconut
326,3729.8,27.2,3899.0,Coconut
6470,2746.2,27.0,4015.0,Coconut
6709,2746.2,27.0,4279.0,Coconut
6186,2746.2,27.0,4167.0,Coconut
6503,3360.0,27.0,4479.0,Coconut
5220,3360.0,27.0,3699.0,Coconut
4677,3360.0,27.0,4904.0,Coconut
4803,3605.4,27.2,2821.0,Coconut
3739,3605.4,27.2,3472.0,Coconut
3529,3605.4,27.2,3647.0,Coconut
3649,3512.4,27.1,393.0,Coconut
1374,3512.4,27.1,167.0,Coconut
1279,3512.4,27.1,71.0,Coconut
13283,3296.0,26.8,52.0,Coconut
52119,3296.0,26.8,12.0,Coconut
725,3296.0,26.8,51.0,Coconut
12885,3550.0,37.0,61.0,Coconut
51179,3550.0,37.0,67.0,Coconut
468,3550.0,37.0,62.0,Coconut
11841,3654.0,38.0,32.0,Coconut
50975,3654.0,38.0,22.0,Coconut
206,3654.0,38.0,25.0,Coconut
10922,233.0,39.0,4.0,Coconut
51390,233.0,39.0,9.0,Coconut
177,233.0,39.0,12.0,Coconut
10723,234.0,40.0,2089.0,Coconut
51709,234.0,40.0,2810.0,Coconut
146,234.0,40.0,841.0,Cocoa
10910,3105.0,41.0,3550.0,Cocoa
51355,3105.0,41.0,109.0,Cocoa
160,3105.0,41.0,3368.0,Cocoa
10912,236.0,42.0,3671.0,Cocoa
51353,236.0,42.0,2404.0,Cocoa
1279,2903.1,42.0,2805.0,Coffee
13283,2903.1,43.0,2331.0,Coffee
52119,2903.1,43.0,2088.0,Coffee
725,2996.6,27.0,2628.0,Coffee
12885,2996.6,27.0,1939.0,Coffee
51179,2996.6,27.0,1871.0,Coffee
468,3522.8,27.0,1868.0,Coffee
11841,3522.8,27.0,127919.0,Coffee
50975,3522.8,27.0,75340.0,Coffee
206,2903.1,27.2,29170.0,Coffee
10922,2903.1,27.2,1901.0,Coffee
51390,2903.1,27.2,972.0,Coffee
177,2996.6,27.0,874.0,Coffee
10723,2996.6,27.0,592.0,Coffee
51709,2996.6,27.0,864.0,Coffee
146,3522.8,27.0,5373.0,Cardamum
10910,3522.8,27.0,6589.0,Cardamum
51355,3522.8,27.0,5107.0,Cardamum
160,3729.8,27.2,5518.0,Cardamum
10912,3729.8,27.2,4912.0,Cardamum
51353,3729.8,27.2,3830.0,Cardamum
1279,2746.2,27.1,4.0,Cardamum
13283,2746.2,27.1,9.0,Cardamum
52119,2746.2,27.1,12.0,Cardamum
725,3360.0,26.8,2089.0,Cardamum
12885,3360.0,26.8,2810.0,Cardamum
51179,3360.0,26.8,841.0,Cardamum
468,3605.4,37.0,3550.0,Cardamum
11841,3605.4,37.0,109.0,Cardamum
50975,2903.1,37.0,3368.0,Cardamum
206,2903.1,38.0,3671.0,Pepper
10922,2903.1,38.0,2404.0,Pepper
51390,2996.6,38.0,2805.0,Pepper
177,2996.6,39.0,2331.0,Pepper
10723,2996.6,39.0,2088.0,Pepper
51709,3522.8,39.0,2628.0,Pepper
1279,3522.8,40.0,1939.0,Pepper
13283,3522.8,40.0,1871.0,Pepper
52119,3729.8,40.0,1868.0,Pepper
725,2903.1,41.0,127919.0,Pepper
12885,2903.1,41.0,75340.0,Pepper
51179,2903.1,41.0,29170.0,Pepper
468,2996.6,42.0,1901.0,Pepper
11841,2996.6,42.0,972.0,Pepper
50975,2996.6,42.0,874.0,Pepper
206,3522.8,43.0,592.0,Arecanut
10922,3522.8,27.0,864.0,Arecanut
51390,3522.8,27.0,5373.0,Arecanut
177,3729.8,27.0,6589.0,Arecanut
10723,3729.8,27.0,5107.0,Arecanut
51709,3729.8,27.0,5518.0,Arecanut
146,2746.2,27.0,4912.0,Arecanut
10910,2746.2,27.0,3830.0,Arecanut
51355,2746.2,27.0,4.0,Arecanut
160,3360.0,27.2,9.0,Arecanut
10912,3360.0,27.2,12.0,Arecanut
51353,3360.0,27.2,2089.0,Arecanut
142,3605.4,27.0,2810.0,Arecanut
10505,3605.4,27.0,841.0,Arecanut
51040,3605.4,27.0,3550.0,Arecanut
154,3512.4,27.0,109.0,Ginger
10318,3512.4,27.0,3368.0,Ginger
48083,3512.4,27.0,3671.0,Ginger
143,3296.0,27.2,2404.0,Ginger
9283,3296.0,27.2,2805.0,Ginger
47200,3296.0,27.2,2331.0,Ginger
158,3550.0,27.1,2088.0,Ginger
8982,3550.0,27.1,2628.0,Ginger
46990,3550.0,27.1,1939.0,Ginger
103,3654.0,26.8,1871.0,Ginger
8239,3654.0,26.8,1868.0,Ginger
44563,3654.0,27.1,127919.0,Ginger
96,233.0,27.1,75340.0,Ginger
6949,233.0,26.8,29170.0,Ginger
44663,233.0,26.8,1901.0,Ginger
110,234.0,26.8,972.0,Tea
6824,234.0,37.0,874.0,Tea
43013,234.0,37.0,592.0,Tea
95,3105.0,37.0,864.0,Tea
6441,3105.0,38.0,5373.0,Tea
4012,3105.0,38.0,6589.0,Tea
4877,236.0,38.0,5107.0,Tea
4930,236.0,39.0,5518.0,Tea
4954,2903.1,39.0,4912.0,Tea
5019,2903.1,39.0,3830.0,Tea
5127,2903.1,40.0,313547.0,Tea
5174,2996.6,40.0,2783.0,Tea
5294,2996.6,40.0,1533.0,Tea
5474,2996.6,41.0,1647.0,Tea
5864,3522.8,41.0,975.0,Tea
7028,3522.8,41.0,2.0,Paddy
7403,3522.8,42.0,836.0,Paddy
7501,3729.8,42.0,806.0,Paddy
7714,3729.8,42.0,880.0,Paddy
7856,3729.8,43.0,770.0,Paddy
32,2746.2,27.0,395.0,Paddy
1,2746.2,27.0,187.0,Paddy
30,2746.2,27.0,187.0,Paddy
6,3360.0,27.0,121.0,Paddy
15,3360.0,27.0,103.0,Paddy
4,3360.0,27.0,71.0,Paddy
39,3605.4,27.2,3961.0,Paddy
6,3605.4,27.2,4247.0,Paddy
12,3605.4,27.2,3290.0,Paddy
3,3512.4,27.0,3138.0,Paddy
17,3512.4,27.0,3423.0,Groundnut
3,3512.4,27.0,3899.0,Groundnut
9,3296.0,27.0,4015.0,Groundnut
21,3296.0,27.0,4279.0,Groundnut
11,3296.0,27.0,4167.0,Groundnut
4,3550.0,27.2,4479.0,Groundnut
15,3550.0,27.2,3699.0,Groundnut
8,3550.0,27.2,4904.0,Groundnut
29,3654.0,27.1,2821.0,Groundnut
1,3654.0,27.1,3472.0,Groundnut
13736,3654.0,27.1,3647.0,Groundnut
14003,233.0,26.8,393.0,Groundnut
14179,233.0,26.8,167.0,Groundnut
14319,233.0,26.8,71.0,Groundnut
14464,234.0,37.0,52.0,Groundnut
14876,234.0,37.0,313547.0,Blackgram
14976,234.0,37.0,2783.0,Blackgram
15009,3105.0,38.0,1533.0,Blackgram
15114,3105.0,38.0,1647.0,Blackgram
16224,3105.0,38.0,975.0,Blackgram
17095,236.0,39.0,2.0,Blackgram
17512,2903.1,39.0,836.0,Blackgram
17587,2903.1,39.0,806.0,Blackgram
17771,2903.1,40.0,880.0,Blackgram
17825,2996.6,40.0,770.0,Blackgram
3147,2996.6,40.0,395.0,Blackgram
2578,2996.6,41.0,187.0,Blackgram
1591,3522.8,41.0,187.0,Blackgram
1298,3522.8,41.0,121.0,Blackgram
4,3522.8,42.0,103.0,Blackgram
1122,3729.8,42.0,71.0,Cashew
917,3729.8,42.0,3961.0,Cashew
819,3729.8,43.0,4247.0,Cashew
619,2746.2,43.0,3290.0,Cashew
391,2746.2,27.0,3138.0,Cashew
211,2746.2,27.0,3423.0,Cashew
153,3360.0,27.0,3899.0,Cashew
111,3360.0,27.0,4015.0,Cashew
76,3360.0,27.0,4279.0,Cashew
53,3605.4,27.0,4167.0,Cashew
2688,3605.4,27.2,4479.0,Cashew
2311,3605.4,27.2,3699.0,Cashew
2188,3512.4,27.2,4904.0,Cashew
1998,3512.4,27.0,2821.0,Cashew
2006,3512.4,27.0,3472.0,Cashew
2034,3296.0,27.0,3647.0,Coconut
2035,3296.0,27.0,393.0,Coconut
2074,3296.0,27.0,167.0,Coconut
2127,3550.0,27.0,71.0,Coconut
2090,3550.0,27.2,52.0,Coconut
2059,3550.0,27.2,2570.0,Coconut
2050,3654.0,27.2,27170.0,Coconut
1865,3654.0,27.1,114744.0,Coconut
1841,3654.0,27.1,1402.0,Coconut
1799,233.0,27.1,23456.0,Coconut
1468,233.0,26.8,107809.0,Coconut
568,233.0,26.8,1132.0,Coconut
407,234.0,26.8,23960.0,Coconut
177,234.0,37.0,126487.0,Coconut
51,234.0,37.0,804.0,Coconut
173,3105.0,37.0,30362.0,Coconut
201,3105.0,38.0,124492.0,Ginger
206,3105.0,38.0,792.0,Ginger
243,236.0,38.0,34153.0,Ginger
123,236.0,39.0,2570.0,Ginger
82,321.0,39.0,27170.0,Ginger
74,3654.0,39.0,114744.0,Ginger
18,323.0,41.0,1402.0,Ginger
37,324.0,42.0,23456.0,Ginger
35,3105.0,42.0,107809.0,Ginger
5974,326.0,42.0,1132.0,Ginger
6631,327.0,43.0,23960.0,Ginger
6705,328.0,43.0,126487.0,Ginger
5876,2903.1,128.0,804.0,Ginger
326,2903.1,129.0,30362.0,Ginger
6470,2903.1,130.0,124492.0,Ginger
6709,2996.6,131.0,792.0,Coconut
6186,2996.6,132.0,34153.0,Coconut
6503,2996.6,133.0,132551.0,Coconut
5220,3522.8,134.0,338.0,Coconut
4677,3522.8,135.0,22966.0,Coconut
4803,3522.8,136.0,131763.0,Coconut
3739,3729.8,137.0,404.0,Coconut
3529,3729.8,138.0,24184.0,Coconut
3649,3729.8,139.0,124387.0,Coconut
1374,2746.2,140.0,343.0,Coconut
933,2746.2,141.0,23099.0,Coconut
345,2746.2,142.0,117825.84,Coconut
29,3360.0,143.0,336.0,Coconut
11,3360.0,144.0,22594.0,Coconut
10,3360.0,145.0,116481.07,Coconut
7,3605.4,146.0,316.0,Coconut
10,3605.4,147.0,21400.0,Coconut
56,3605.4,148.0,122102.0,Coconut
68,3512.4,149.0,382.0,Coconut
56,3512.4,150.0,19578.0,Coconut
66,3512.4,151.0,121037.0,Coconut
55,3296.0,152.0,231.0,Coconut
42,3296.0,153.0,18951.0,Coconut
51179,3296.0,154.0,110579.0,Coconut
468,3550.0,155.0,221.0,Coconut
11841,3550.0,156.0,15362.0,Coconut
50975,3550.0,157.0,120373.0,Coconut
206,3654.0,158.0,291.0,Coconut
10922,3654.0,159.0,17231.0,Coconut
51390,3654.0,160.0,119359.0,Coconut
177,233.0,161.0,283.0,Coconut
10723,233.0,162.0,17690.0,Coconut
51709,233.0,163.0,7157.0,Coconut
146,234.0,164.0,8700.0,Coconut
10910,234.0,165.0,41266.0,Coconut
51355,234.0,166.0,8838.0,Coconut
160,3105.0,167.0,8954.0,Coconut
10912,3105.0,168.0,42915.0,Coconut
51353,3105.0,169.0,9230.0,Coconut
142,236.0,170.0,44313.0,Coconut
10505,236.0,171.0,45820.0,Coconut
51040,2903.1,172.0,49084.0,Coconut
154,2903.1,173.0,86311.0,Coconut
10318,2903.1,174.0,57642.0,Coconut
48083,2996.6,175.0,58405.0,Coconut
143,2996.6,176.0,60751.0,Coconut
9283,2996.6,177.0,109506.0,Coconut
47200,3522.8,178.0,114.0,Coconut
158,3522.8,179.0,3.0,Coconut
8982,3522.8,180.0,95.0,Coconut
46990,2903.1,181.0,19.0,Coconut
103,2903.1,182.0,54.0,Coconut
8239,2903.1,183.0,13.0,Coconut
44563,2996.6,184.0,123.0,Coconut
96,2996.6,185.0,19.0,Coconut
6949,2996.6,186.0,32.0,Coconut
44663,3522.8,187.0,8.0,Coconut
110,3522.8,188.0,50.0,Coconut
6824,3522.8,189.0,10.0,Coconut
43013,3729.8,190.0,29.0,Coconut
95,3729.8,191.0,44.0,Coconut
6441,3729.8,192.0,33.0,Coconut
4012,2746.2,193.0,14.0,Coconut
4877,2746.2,194.0,56.0,Coconut
4930,2746.2,195.0,26.0,Coconut
4954,3360.0,196.0,98.0,Coconut
5019,3360.0,197.0,3.0,Coconut
5127,3360.0,198.0,58637.0,Coconut
5174,3605.4,199.0,59777.0,Coconut
5294,3605.4,200.0,60528.0,Coconut
5474,3605.4,201.0,61126.0,Coconut
5864,3512.4,202.0,623687.0,Coconut
7028,3512.4,203.0,63504.0,Coconut
7403,3512.4,204.0,63931.0,Coconut
7501,3296.0,205.0,73730.0,Coconut
7714,3296.0,206.0,118416.0,Coconut
7856,3296.0,207.0,130132.0,Coconut
32,3550.0,208.0,154889.0,Coconut
1,3550.0,209.0,171739.0,Coconut
30,3550.0,210.0,172475.0,Coconut
6,3654.0,211.0,177939.0,Coconut
15,3654.0,212.0,313547.0,Coconut
4,3654.0,213.0,2783.0,Coconut
39,233.0,214.0,1533.0,Coconut
6,233.0,215.0,1647.0,Coconut
12,233.0,216.0,975.0,Coconut
3,234.0,217.0,2.0,Coconut
17,234.0,218.0,836.0,Coconut
3,234.0,219.0,806.0,Coconut
9,3105.0,220.0,880.0,Coconut
21,3105.0,221.0,770.0,Coconut
11,3105.0,222.0,395.0,Coconut
4,236.0,27.0,187.0,Coconut
15,236.0,27.0,187.0,Coconut
8,2903.1,27.0,121.0,Coconut
29,2903.1,27.0,103.0,Coconut
1,2903.1,27.0,71.0,Coconut
13736,2996.6,27.2,3961.0,Coconut
14003,2996.6,27.2,4247.0,Coconut
14179,2996.6,27.2,3290.0,Coconut
14319,3522.8,27.0,3138.0,Coconut
14464,3522.8,27.0,3423.0,Coconut
14876,3522.8,27.0,3899.0,Coconut
14976,2903.1,27.0,4015.0,Coconut
15009,2903.1,27.0,4279.0,Coconut
15114,2903.1,27.0,4167.0,Coconut
16224,2996.6,27.2,4479.0,Coconut
17095,2996.6,27.2,3699.0,Coconut
17512,2996.6,27.2,4904.0,Coconut
17587,3522.8,27.1,2821.0,Coconut
17771,3522.8,27.1,3472.0,Coconut
17825,3522.8,27.1,3647.0,Coconut
3147,3729.8,26.8,393.0,Coconut
2578,3729.8,26.8,167.0,Coconut
1591,3729.8,26.8,71.0,Coconut
1298,2746.2,37.0,52.0,Coconut
4,2746.2,37.0,12.0,Coconut
1122,2746.2,37.0,51.0,Coconut
917,3360.0,38.0,61.0,Coconut
819,3360.0,38.0,67.0,Coconut
619,3360.0,38.0,62.0,Coconut
391,3605.4,39.0,32.0,Coconut
211,3605.4,39.0,22.0,Coconut
153,3605.4,39.0,25.0,Coconut
111,3512.4,40.0,4.0,Coconut
76,3512.4,40.0,9.0,Coconut
53,3512.4,40.0,12.0,Coconut
2688,3296.0,41.0,2089.0,Coconut
2311,3296.0,41.0,2810.0,Coconut
2188,3296.0,41.0,841.0,Coconut
1998,3550.0,42.0,3550.0,Coconut
2006,3550.0,42.0,109.0,Cocoa
2034,3550.0,42.0,3368.0,Cocoa
2035,3654.0,43.0,3671.0,Cocoa
2074,3654.0,43.0,2404.0,Cocoa
2127,3654.0,27.0,2805.0,Cocoa
2090,233.0,27.0,2331.0,Cocoa
2059,233.0,27.0,2088.0,Coffee
2050,233.0,27.0,2628.0,Coffee
1865,234.0,27.0,1939.0,Coffee
1841,234.0,27.0,1871.0,Coffee
1799,234.0,27.2,1868.0,Coffee
1468,3105.0,27.2,127919.0,Coffee
568,3105.0,27.2,75340.0,Coffee
407,3105.0,27.0,29170.0,Coffee
177,236.0,27.0,1901.0,Coffee
51,236.0,27.0,972.0,Coffee
173,2903.1,27.0,874.0,Coffee
201,2903.1,27.0,592.0,Coffee
206,2903.1,27.0,864.0,Coffee
243,2996.6,27.2,5373.0,Coffee
123,2996.6,27.2,6589.0,Coffee
82,2996.6,27.2,5107.0,Cardamum
74,3522.8,27.1,5518.0,Cardamum
18,3522.8,27.1,4912.0,Cardamum
37,3522.8,27.1,3830.0,Cardamum
35,2903.1,26.8,4.0,Cardamum
5974,2903.1,26.8,9.0,Cardamum
6631,2903.1,26.8,12.0,Cardamum
6705,2996.6,37.0,2089.0,Cardamum
5876,2996.6,37.0,2810.0,Cardamum
326,2996.6,37.0,841.0,Cardamum
6470,3522.8,38.0,3550.0,Cardamum
6709,3522.8,38.0,109.0,Cardamum
6186,3522.8,38.0,3368.0,Cardamum
6503,3729.8,39.0,3671.0,Cardamum
5220,3729.8,39.0,2404.0,Cardamum
4677,3729.8,39.0,2805.0,Pepper
4803,2746.2,40.0,2331.0,Pepper
3739,2746.2,40.0,2088.0,Pepper
3529,2746.2,27.0,2628.0,Pepper
3649,3360.0,27.0,1939.0,Pepper
1374,3360.0,27.0,1871.0,Pepper
1279,3360.0,27.0,1868.0,Pepper
13283,3605.4,27.0,127919.0,Pepper
52119,3605.4,27.0,75340.0,Pepper
725,2903.1,27.2,29170.0,Pepper
12885,2903.1,27.2,1901.0,Pepper
51179,2903.1,27.2,972.0,Pepper
468,2996.6,27.0,874.0,Pepper
11841,2996.6,27.0,592.0,Pepper
50975,2996.6,27.0,864.0,Pepper
206,3522.8,27.0,5373.0,Arecanut
10922,3522.8,27.0,6589.0,Arecanut
51390,3522.8,27.0,5107.0,Arecanut
177,2746.2,27.2,5518.0,Arecanut
10723,2746.2,27.2,4912.0,Arecanut
51709,3360.0,27.2,3830.0,Arecanut
146,3360.0,27.1,4.0,Arecanut
10910,3360.0,27.1,9.0,Arecanut
51355,3605.4,27.1,12.0,Arecanut
160,3605.4,26.8,2089.0,Arecanut
10912,3605.4,26.8,2810.0,Arecanut
51353,3512.4,26.8,841.0,Arecanut
1279,3512.4,37.0,3550.0,Arecanut
13283,3512.4,37.0,109.0,Arecanut
52119,3296.0,37.0,3368.0,Arecanut
725,3296.0,38.0,3671.0,Ginger
12885,3296.0,38.0,2404.0,Ginger
51179,3550.0,38.0,2805.0,Ginger
468,3550.0,39.0,2331.0,Ginger
11841,3550.0,39.0,2088.0,Ginger
50975,3654.0,39.0,2628.0,Ginger
206,3654.0,40.0,1939.0,Ginger
10922,3654.0,40.0,1871.0,Ginger
51390,233.0,40.0,1868.0,Ginger
177,233.0,41.0,127919.0,Ginger
10723,233.0,41.0,75340.0,Ginger
51709,234.0,41.0,29170.0,Ginger
146,234.0,42.0,1901.0,Ginger
10910,234.0,42.0,972.0,Ginger
51355,3105.0,42.0,874.0,Ginger
160,3105.0,43.0,592.0,Tea
10912,3105.0,43.0,864.0,Tea
51353,236.0,27.0,5373.0,Tea
1279,236.0,27.0,6589.0,Tea
13283,2903.1,27.0,5107.0,Tea
52119,2903.1,27.0,5518.0,Tea
725,2903.1,27.0,4912.0,Tea
12885,2996.6,27.0,3830.0,Tea
51179,2996.6,27.2,313547.0,Tea
468,2996.6,27.2,2783.0,Tea
11841,3522.8,27.2,1533.0,Tea
50975,3522.8,27.0,1647.0,Tea
206,3522.8,27.0,975.0,Tea
10922,2903.1,27.0,2.0,Tea
51390,2903.1,27.0,836.0,Tea
177,2903.1,27.0,806.0,Paddy
10723,2996.6,27.0,880.0,Paddy
51709,2996.6,27.2,770.0,Paddy
1279,2996.6,27.2,395.0,Paddy
13283,3522.8,27.2,187.0,Paddy
52119,3522.8,27.1,187.0,Paddy
725,3522.8,27.1,121.0,Paddy
12885,3729.8,27.1,103.0,Paddy
51179,3729.8,26.8,71.0,Paddy
468,3729.8,26.8,3961.0,Paddy
11841,2746.2,26.8,4247.0,Paddy
50975,2746.2,37.0,3290.0,Paddy
206,2746.2,37.0,3138.0,Paddy
10922,3360.0,37.0,3423.0,Paddy
51390,3360.0,38.0,3899.0,Paddy
177,3360.0,38.0,4015.0,Groundnut
10723,3605.4,38.0,4279.0,Groundnut
51709,3605.4,39.0,4167.0,Groundnut
146,3605.4,39.0,4479.0,Groundnut
10910,3512.4,39.0,3699.0,Groundnut
51355,3512.4,40.0,4904.0,Groundnut
160,3512.4,40.0,2821.0,Groundnut
10912,3296.0,40.0,3472.0,Groundnut
51353,3296.0,41.0,3647.0,Groundnut
142,3296.0,41.0,393.0,Groundnut
10505,3550.0,41.0,167.0,Groundnut
51040,3550.0,42.0,71.0,Groundnut
154,3550.0,42.0,52.0,Groundnut
10318,3654.0,42.0,313547.0,Groundnut
48083,3654.0,43.0,2783.0,Groundnut
143,3654.0,27.0,1533.0,Blackgram
9283,233.0,27.0,1647.0,Blackgram
47200,233.0,27.0,975.0,Blackgram
158,233.0,27.0,2.0,Blackgram
8982,234.0,27.0,836.0,Blackgram
46990,234.0,27.0,806.0,Blackgram
103,234.0,27.2,880.0,Blackgram
8239,3105.0,27.2,770.0,Blackgram
44563,3105.0,27.2,395.0,Blackgram
96,3105.0,27.0,187.0,Blackgram
6949,236.0,27.0,187.0,Blackgram
44663,236.0,27.0,121.0,Blackgram
110,2903.1,27.0,103.0,Blackgram
6824,2903.1,27.0,71.0,Blackgram
43013,2903.1,27.0,3961.0,Blackgram
95,2996.6,27.2,4247.0,Cashew
6441,2996.6,27.2,3290.0,Cashew
4012,2996.6,27.2,3138.0,Cashew
4877,3522.8,27.1,3423.0,Cashew
4930,3522.8,27.1,3899.0,Cashew
4954,3522.8,27.1,4015.0,Cashew
5019,2903.1,26.8,4279.0,Cashew
5127,2903.1,26.8,4167.0,Cashew
5174,2903.1,26.8,4479.0,Cashew
5294,2996.6,37.0,3699.0,Cashew
5474,2996.6,37.0,4904.0,Cashew
5864,2996.6,37.0,2821.0,Cashew
7028,3522.8,38.0,3472.0,Cashew
7403,3522.8,38.0,3647.0,Cashew
7501,3522.8,38.0,393.0,Cashew
7714,3729.8,39.0,167.0,Coconut
7856,3729.8,39.0,71.0,Coconut
32,3729.8,39.0,52.0,Coconut
1,2746.2,40.0,2570.0,Coconut
30,2746.2,40.0,27170.0,Coconut
6,2746.2,40.0,114744.0,Coconut
15,3360.0,41.0,1402.0,Coconut
4,3360.0,41.0,23456.0,Coconut
39,3360.0,41.0,107809.0,Coconut
6,3605.4,42.0,1132.0,Coconut
12,3605.4,42.0,23960.0,Coconut
3,2903.1,42.0,126487.0,Coconut
17,2903.1,43.0,804.0,Coconut
3,2903.1,43.0,30362.0,Coconut
9,2996.6,128.0,124492.0,Coconut
21,2996.6,129.0,792.0,Coconut
11,2996.6,130.0,34153.0,Ginger
4,3522.8,131.0,2570.0,Ginger
15,3522.8,132.0,27170.0,Ginger
8,3522.8,133.0,114744.0,Ginger
29,3729.8,134.0,1402.0,Ginger
1,3729.8,135.0,23456.0,Ginger
13736,3729.8,136.0,107809.0,Ginger
14003,2746.2,137.0,1132.0,Ginger
14179,2746.2,138.0,23960.0,Ginger
14319,2746.2,139.0,126487.0,Ginger
14464,3360.0,140.0,804.0,Ginger
14876,3360.0,141.0,30362.0,Ginger
14976,3360.0,142.0,124492.0,Ginger
15009,3605.4,143.0,792.0,Ginger
15114,3605.4,144.0,34153.0,Ginger
16224,3605.4,27.0,132551.0,Coconut
17095,3512.4,27.0,338.0,Coconut
17512,3512.4,27.0,22966.0,Coconut
17587,3512.4,27.0,131763.0,Coconut
17771,3296.0,27.0,404.0,Coconut
17825,3550.0,27.0,24184.0,Coconut
3147,3550.0,27.2,124387.0,Coconut
2578,3550.0,27.2,343.0,Coconut
1591,3654.0,27.2,23099.0,Coconut
1298,3654.0,27.0,117825.84,Coconut
4,3654.0,27.0,336.0,Coconut
1122,233.0,27.0,22594.0,Coconut
917,233.0,27.0,116481.07,Coconut
819,233.0,27.0,316.0,Coconut
619,234.0,27.0,21400.0,Coconut
391,234.0,27.2,122102.0,Coconut
211,234.0,27.2,382.0,Coconut
153,3105.0,27.2,19578.0,Coconut
111,3105.0,27.1,121037.0,Coconut
76,3105.0,27.1,231.0,Coconut
53,236.0,27.1,18951.0,Coconut
2688,236.0,26.8,110579.0,Coconut
2311,2903.1,26.8,221.0,Coconut
2188,2903.1,26.8,15362.0,Coconut
1998,2903.1,37.0,120373.0,Coconut
2006,2996.6,37.0,291.0,Coconut
2034,2996.6,37.0,17231.0,Coconut
2035,2996.6,38.0,119359.0,Coconut
2074,3296.0,38.0,283.0,Coconut
2127,3550.0,38.0,17690.0,Coconut
2090,3550.0,39.0,7157.0,Coconut
2059,3550.0,39.0,8700.0,Coconut
2050,3654.0,39.0,41266.0,Coconut
1865,3654.0,40.0,8838.0,Coconut
1841,3654.0,40.0,8954.0,Coconut
1799,233.0,40.0,42915.0,Coconut
1468,233.0,41.0,9230.0,Coconut
568,233.0,41.0,44313.0,Coconut
407,234.0,41.0,45820.0,Coconut
177,234.0,42.0,49084.0,Coconut
51,234.0,42.0,86311.0,Coconut
173,3105.0,42.0,57642.0,Coconut
201,3105.0,43.0,58405.0,Coconut
206,3105.0,43.0,60751.0,Coconut
243,236.0,27.0,109506.0,Coconut
123,236.0,27.0,114.0,Coconut
82,2903.1,27.0,3.0,Coconut
74,2903.1,27.0,95.0,Coconut
18,2903.1,27.0,19.0,Coconut
37,2996.6,27.0,54.0,Coconut
35,2996.6,27.2,13.0,Coconut
5974,2996.6,27.2,123.0,Coconut
6631,2903.1,27.2,19.0,Coconut
6705,2903.1,27.0,32.0,Coconut
5876,2903.1,27.0,8.0,Coconut
326,2996.6,27.0,50.0,Coconut
6470,2996.6,27.0,10.0,Coconut
6709,2996.6,27.0,29.0,Coconut
6186,3522.8,27.0,44.0,Coconut
6503,3522.8,27.2,33.0,Coconut
5220,3522.8,27.2,14.0,Coconut
4677,3729.8,27.2,56.0,Coconut
4803,3729.8,27.1,26.0,Coconut
3739,3729.8,27.1,98.0,Coconut
3529,2746.2,27.1,3.0,Coconut
3649,2746.2,26.8,58637.0,Coconut
1374,2746.2,26.8,59777.0,Coconut
933,3360.0,26.8,60528.0,Coconut
345,3360.0,37.0,61126.0,Coconut
29,3360.0,37.0,623687.0,Coconut
11,3605.4,37.0,63504.0,Coconut
10,3605.4,38.0,63931.0,Coconut
7,3605.4,38.0,73730.0,Coconut
10,3512.4,38.0,118416.0,Coconut
56,3512.4,39.0,130132.0,Coconut
68,3512.4,39.0,154889.0,Coconut
56,3296.0,39.0,171739.0,Coconut
66,3296.0,40.0,172475.0,Coconut
55,3296.0,40.0,177939.0,Coconut
42,3550.0,40.0,313547.0,Coconut
51179,3550.0,41.0,2783.0,Coconut
468,3550.0,41.0,1533.0,Coconut
11841,3654.0,41.0,1647.0,Coconut
50975,3654.0,42.0,975.0,Coconut
206,3654.0,42.0,2.0,Coconut
10922,233.0,42.0,836.0,Coconut
51390,233.0,43.0,806.0,Coconut
177,233.0,27.0,880.0,Coconut
10723,234.0,27.0,770.0,Coconut
51709,234.0,27.0,395.0,Coconut
146,234.0,27.0,187.0,Coconut
10910,3105.0,27.0,187.0,Coconut
51355,3105.0,27.0,121.0,Coconut
160,3105.0,27.2,103.0,Coconut
10912,236.0,27.2,71.0,Coconut
51353,236.0,27.2,3961.0,Coconut
142,2903.1,27.0,4247.0,Coconut
10505,2903.1,27.0,3290.0,Coconut
51040,2903.1,27.0,3138.0,Coconut
154,2996.6,27.0,3423.0,Coconut
10318,2996.6,27.0,3899.0,Coconut
48083,2996.6,27.0,4015.0,Coconut
143,3522.8,27.2,4279.0,Coconut
9283,3522.8,27.2,4167.0,Coconut
47200,3522.8,27.2,4479.0,Coconut
158,3729.8,27.1,3699.0,Coconut
8982,3729.8,27.1,4904.0,Coconut
46990,3729.8,27.1,2821.0,Coconut
103,2746.2,26.8,3472.0,Coconut
8239,2746.2,26.8,3647.0,Coconut
44563,2746.2,26.8,393.0,Coconut
96,3360.0,37.0,167.0,Coconut
6949,3360.0,37.0,71.0,Coconut
44663,3360.0,37.0,52.0,Coconut
110,3605.4,38.0,12.0,Coconut
6824,3605.4,38.0,51.0,Coconut
43013,3605.4,38.0,61.0,Coconut
95,3512.4,39.0,67.0,Coconut
6441,3512.4,39.0,62.0,Coconut
4012,3512.4,39.0,32.0,Coconut
4877,3296.0,40.0,22.0,Coconut
4930,3296.0,40.0,25.0,Coconut
4954,3296.0,40.0,4.0,Coconut
5019,3550.0,41.0,9.0,Coconut
5127,3550.0,41.0,12.0,Coconut
5174,3550.0,41.0,2089.0,Coconut
5294,3654.0,42.0,2810.0,Coconut
5474,3654.0,42.0,841.0,Coconut
5864,3654.0,42.0,3550.0,Coconut
7028,233.0,43.0,109.0,Coconut
7403,233.0,43.0,3368.0,Coconut
7501,233.0,128.0,3671.0,Cocoa
7714,2903.1,129.0,2404.0,Cocoa
7856,2903.1,130.0,2805.0,Cocoa
32,2903.1,131.0,2331.0,Cocoa
1,2996.6,132.0,2088.0,Cocoa
30,2996.6,133.0,2628.0,Cocoa
6,2996.6,134.0,1939.0,Coffee
15,3522.8,135.0,1871.0,Coffee
4,3522.8,136.0,1868.0,Coffee
39,3522.8,137.0,127919.0,Coffee
6,3729.8,138.0,75340.0,Coffee
12,3729.8,139.0,29170.0,Coffee
3,3729.8,140.0,1901.0,Coffee
17,2746.2,141.0,972.0,Coffee
3,2746.2,142.0,874.0,Coffee
9,2746.2,143.0,592.0,Coffee
21,3360.0,144.0,864.0,Coffee
11,3360.0,27.0,5373.0,Coffee
4,3360.0,27.0,6589.0,Coffee
15,3605.4,27.0,5107.0,Coffee
8,3605.4,27.0,5518.0,Coffee
29,3605.4,27.0,4912.0,Cardamum
1,3512.4,27.0,3830.0,Cardamum
13736,3512.4,27.2,4.0,Cardamum
14003,3512.4,27.2,9.0,Cardamum
14179,3296.0,27.2,12.0,Cardamum
14319,3296.0,27.0,2089.0,Cardamum
14464,3296.0,27.0,2810.0,Cardamum
14876,3550.0,27.0,841.0,Cardamum
14976,3550.0,27.0,3550.0,Cardamum
15009,3550.0,27.0,109.0,Cardamum
15114,3654.0,27.0,3368.0,Cardamum
16224,3654.0,27.2,3671.0,Cardamum
17095,3654.0,27.2,2404.0,Cardamum
17512,233.0,27.2,2805.0,Cardamum
17587,233.0,27.1,2331.0,Cardamum
17771,233.0,27.1,2088.0,Pepper
17825,234.0,27.1,2628.0,Pepper
3147,234.0,26.8,1939.0,Pepper
2578,234.0,26.8,1871.0,Pepper
1591,3105.0,26.8,1868.0,Pepper
1298,3105.0,37.0,127919.0,Pepper
4,3105.0,37.0,75340.0,Pepper
1122,236.0,37.0,29170.0,Pepper
917,236.0,38.0,1901.0,Pepper
819,2903.1,38.0,972.0,Pepper
619,2903.1,38.0,874.0,Pepper
391,2903.1,39.0,592.0,Pepper
211,2996.6,39.0,864.0,Pepper
153,2996.6,39.0,5373.0,Pepper
111,2996.6,40.0,6589.0,Pepper
76,3522.8,40.0,5107.0,Arecanut
53,3522.8,40.0,5518.0,Arecanut
2688,3522.8,41.0,4912.0,Arecanut
2311,3729.8,41.0,3830.0,Arecanut
2188,3729.8,41.0,4.0,Arecanut
1998,3729.8,42.0,9.0,Arecanut
2006,2746.2,42.0,12.0,Arecanut
2034,2746.2,42.0,2089.0,Arecanut
2035,2746.2,43.0,2810.0,Arecanut
2074,3360.0,43.0,841.0,Arecanut
2127,3360.0,27.0,3550.0,Arecanut
2090,3360.0,27.0,109.0,Arecanut
2059,3605.4,27.0,3368.0,Arecanut
2050,3605.4,27.0,3671.0,Arecanut
1865,3605.4,27.0,2404.0,Arecanut
1841,3512.4,27.0,2805.0,Ginger
1799,3512.4,27.2,2331.0,Ginger
1468,3512.4,27.2,2088.0,Ginger
568,3296.0,27.2,2628.0,Ginger
407,3296.0,27.0,1939.0,Ginger
177,3296.0,27.0,1871.0,Ginger
51,3550.0,27.0,1868.0,Ginger
173,3550.0,27.0,127919.0,Ginger
201,3550.0,27.0,75340.0,Ginger
206,3654.0,27.0,29170.0,Ginger
243,3654.0,27.2,1901.0,Ginger
123,3654.0,27.2,972.0,Ginger
82,233.0,27.2,874.0,Ginger
74,233.0,27.1,592.0,Ginger
18,233.0,27.1,864.0,Ginger
37,2903.1,27.1,5373.0,Tea
35,2903.1,26.8,6589.0,Tea
5974,2903.1,26.8,5107.0,Tea
6631,2996.6,26.8,5518.0,Tea
6705,2996.6,37.0,4912.0,Tea
5876,2996.6,37.0,3830.0,Tea
326,3522.8,37.0,313547.0,Tea
6470,3522.8,38.0,2783.0,Tea
6709,3522.8,38.0,1533.0,Tea
6186,3729.8,38.0,1647.0,Tea
6503,3729.8,39.0,975.0,Tea
5220,3729.8,39.0,2.0,Tea
4677,2746.2,39.0,836.0,Tea
4803,2746.2,40.0,806.0,Tea
3739,2746.2,40.0,880.0,Tea
3529,3360.0,40.0,770.0,Paddy
3649,3360.0,41.0,395.0,Paddy
1374,3360.0,41.0,187.0,Paddy
1279,3605.4,41.0,187.0,Paddy
13283,3605.4,42.0,121.0,Paddy
52119,3605.4,42.0,103.0,Paddy
725,3512.4,42.0,71.0,Paddy
12885,3512.4,43.0,3961.0,Paddy
51179,3512.4,27.0,4247.0,Paddy
468,3296.0,27.0,3290.0,Paddy
11841,3296.0,27.0,3138.0,Paddy
50975,3296.0,27.0,3423.0,Paddy
206,3550.0,27.0,3899.0,Paddy
10922,3550.0,27.0,4015.0,Paddy
51390,3550.0,27.2,4279.0,Paddy
177,3654.0,27.2,4167.0,Groundnut
10723,3654.0,27.2,4479.0,Groundnut
51709,3654.0,27.0,3699.0,Groundnut
146,233.0,27.0,4904.0,Groundnut
10910,233.0,27.0,2821.0,Groundnut
51355,233.0,27.0,3472.0,Groundnut
160,234.0,27.0,3647.0,Groundnut
10912,234.0,27.0,393.0,Groundnut
51353,234.0,27.2,167.0,Groundnut
1279,3105.0,27.2,71.0,Groundnut
13283,3105.0,27.2,52.0,Groundnut
52119,3105.0,27.1,313547.0,Groundnut
725,236.0,27.1,2783.0,Groundnut
12885,236.0,27.1,1533.0,Groundnut
51179,2903.1,26.8,1647.0,Groundnut
468,2903.1,26.8,975.0,Blackgram
11841,2903.1,26.8,2.0,Blackgram
50975,2996.6,37.0,836.0,Blackgram
206,2996.6,37.0,806.0,Blackgram
10922,2996.6,37.0,880.0,Blackgram
51390,3522.8,38.0,770.0,Blackgram
177,3522.8,38.0,395.0,Blackgram
10723,3522.8,38.0,187.0,Blackgram
51709,3729.8,39.0,187.0,Blackgram
146,3729.8,39.0,121.0,Blackgram
10910,3729.8,39.0,103.0,Blackgram
51355,2746.2,40.0,71.0,Blackgram
160,2746.2,40.0,3961.0,Blackgram
10912,2746.2,40.0,4247.0,Blackgram
51353,3360.0,41.0,3290.0,Blackgram
1279,3360.0,41.0,3138.0,Cashew
13283,3360.0,41.0,3423.0,Cashew
52119,3605.4,42.0,3899.0,Cashew
725,3605.4,42.0,4015.0,Cashew
12885,3605.4,42.0,4279.0,Cashew
51179,3512.4,43.0,4167.0,Cashew
468,3512.4,43.0,4479.0,Cashew
11841,3512.4,128.0,3699.0,Cashew
50975,3296.0,129.0,4904.0,Cashew
206,3296.0,130.0,2821.0,Cashew
10922,3296.0,131.0,3472.0,Cashew
51390,3550.0,132.0,3647.0,Cashew
177,3550.0,133.0,393.0,Cashew
10723,3550.0,134.0,167.0,Cashew
51709,3654.0,135.0,71.0,Cashew
1279,3654.0,136.0,52.0,Coconut
13283,3654.0,137.0,2570.0,Coconut
52119,233.0,138.0,27170.0,Coconut
725,233.0,139.0,114744.0,Coconut
12885,233.0,140.0,1402.0,Coconut
51179,234.0,141.0,23456.0,Coconut
468,234.0,142.0,107809.0,Coconut
11841,234.0,143.0,1132.0,Coconut
50975,3105.0,144.0,23960.0,Coconut
206,3105.0,27.0,126487.0,Coconut
10922,3105.0,27.0,804.0,Coconut
51390,236.0,27.0,30362.0,Coconut
177,2903.1,27.0,124492.0,Coconut
10723,2903.1,27.0,792.0,Coconut
51709,2903.1,27.0,34153.0,Coconut
146,2996.6,27.2,2570.0,Coconut
10910,2996.6,27.2,27170.0,Ginger
51355,2996.6,27.2,114744.0,Ginger
160,3522.8,27.0,1402.0,Ginger
10912,3522.8,27.0,23456.0,Ginger
51353,3522.8,27.0,107809.0,Ginger
142,3729.8,27.0,1132.0,Ginger
10505,3729.8,27.0,23960.0,Ginger
51040,3729.8,27.0,126487.0,Ginger
154,2746.2,27.2,804.0,Ginger
10318,2746.2,27.2,30362.0,Ginger
48083,2746.2,27.2,124492.0,Ginger
143,3360.0,27.1,792.0,Ginger
9283,3360.0,27.1,34153.0,Ginger
47200,3360.0,27.1,132551.0,Ginger
158,3605.4,26.8,338.0,Ginger
8982,3605.4,26.8,22966.0,Coconut
46990,3605.4,26.8,131763.0,Coconut
103,3512.4,37.0,404.0,Coconut
8239,3512.4,37.0,24184.0,Coconut
44563,3512.4,37.0,124387.0,Coconut
96,3296.0,38.0,343.0,Coconut
6949,3296.0,38.0,23099.0,Coconut
44663,3296.0,38.0,117825.84,Coconut
110,3550.0,39.0,336.0,Coconut
6824,3550.0,39.0,22594.0,Coconut
43013,3550.0,39.0,116481.07,Coconut
95,3654.0,40.0,316.0,Coconut
6441,3654.0,40.0,21400.0,Coconut
4012,3654.0,40.0,122102.0,Coconut
4877,233.0,41.0,382.0,Coconut
4930,233.0,41.0,19578.0,Coconut
4954,233.0,41.0,121037.0,Coconut
5019,234.0,42.0,231.0,Coconut
5127,234.0,42.0,18951.0,Coconut
5174,234.0,42.0,110579.0,Coconut
5294,3105.0,43.0,221.0,Coconut
5474,3105.0,43.0,15362.0,Coconut
5864,3105.0,27.0,120373.0,Coconut
7028,236.0,27.0,291.0,Coconut
7403,236.0,27.0,17231.0,Coconut
7501,321.0,27.0,119359.0,Coconut
7714,3654.0,27.0,283.0,Coconut
7856,323.0,27.0,17690.0,Coconut
32,324.0,27.2,7157.0,Coconut
1,3105.0,27.2,8700.0,Coconut
30,326.0,27.2,41266.0,Coconut
6,327.0,27.0,8838.0,Coconut
15,328.0,27.0,8954.0,Coconut
4,2903.1,27.0,42915.0,Coconut
39,2903.1,27.0,9230.0,Coconut
6,2903.1,27.0,44313.0,Coconut
12,2996.6,27.0,45820.0,Coconut
3,2996.6,27.2,49084.0,Coconut
17,2996.6,27.2,86311.0,Coconut
3,3522.8,27.2,57642.0,Coconut
9,3522.8,27.1,58405.0,Coconut
21,3522.8,27.1,60751.0,Coconut
11,3729.8,27.1,109506.0,Coconut
4,3729.8,26.8,114.0,Coconut
15,3729.8,26.8,3.0,Coconut
8,2746.2,26.8,95.0,Coconut
29,2746.2,37.0,19.0,Coconut
1,2746.2,37.0,54.0,Coconut
13736,3360.0,37.0,13.0,Coconut
14003,3360.0,38.0,123.0,Coconut
14179,3360.0,38.0,19.0,Coconut
14319,3605.4,38.0,32.0,Coconut
14464,3605.4,39.0,8.0,Coconut
14876,3605.4,39.0,50.0,Coconut
14976,3512.4,39.0,10.0,Coconut
15009,3512.4,40.0,29.0,Coconut
15114,3512.4,40.0,44.0,Coconut
16224,3296.0,27.0,33.0,Coconut
17095,3296.0,27.0,14.0,Coconut
17512,3296.0,27.0,56.0,Coconut
17587,3550.0,27.0,26.0,Coconut
17771,3550.0,27.0,98.0,Coconut
17825,3550.0,27.0,3.0,Coconut
3147,3654.0,27.2,58637.0,Coconut
2578,3654.0,27.2,59777.0,Coconut
1591,3654.0,27.2,60528.0,Coconut
1298,233.0,27.0,61126.0,Coconut
4,233.0,27.0,623687.0,Coconut
1122,233.0,27.0,63504.0,Coconut
917,234.0,27.0,63931.0,Coconut
819,234.0,27.0,73730.0,Coconut
619,234.0,27.0,118416.0,Coconut
391,3105.0,27.2,130132.0,Coconut
211,3105.0,27.2,154889.0,Coconut
153,3105.0,27.2,171739.0,Coconut
111,236.0,27.1,172475.0,Coconut
76,236.0,27.1,177939.0,Coconut
53,2903.1,27.1,313547.0,Coconut
2688,2903.1,26.8,2783.0,Coconut
2311,2903.1,26.8,1533.0,Coconut
2188,2996.6,26.8,1647.0,Coconut
1998,2996.6,37.0,975.0,Coconut
2006,2996.6,37.0,2.0,Coconut
2034,3522.8,37.0,836.0,Coconut
2035,3522.8,38.0,806.0,Coconut
2074,3522.8,38.0,880.0,Coconut
2127,2903.1,38.0,770.0,Coconut
2090,2903.1,39.0,395.0,Coconut
2059,2903.1,39.0,187.0,Coconut
2050,2996.6,39.0,187.0,Coconut
1865,2996.6,40.0,121.0,Coconut
1841,2996.6,40.0,103.0,Coconut
1799,3522.8,40.0,71.0,Coconut
1468,3522.8,41.0,3961.0,Coconut
568,3522.8,41.0,4247.0,Coconut
407,3729.8,41.0,3290.0,Coconut
177,3729.8,42.0,3138.0,Coconut
51,3729.8,42.0,3423.0,Coconut
173,2746.2,42.0,3899.0,Coconut
201,2746.2,43.0,4015.0,Coconut
206,2746.2,43.0,4279.0,Coconut
243,3360.0,27.0,4167.0,Coconut
123,3360.0,27.0,4479.0,Coconut
82,3360.0,27.0,3699.0,Coconut
74,3605.4,27.0,4904.0,Coconut
18,3605.4,27.0,2821.0,Coconut
37,3605.4,27.0,3472.0,Coconut
35,3512.4,27.2,3647.0,Coconut
5974,3512.4,27.2,393.0,Coconut
6631,3512.4,27.2,167.0,Coconut
6705,3296.0,27.0,71.0,Coconut
5876,3296.0,27.0,52.0,Coconut
326,3296.0,27.0,12.0,Coconut
6470,3550.0,27.0,51.0,Coconut
1279,3550.0,27.0,61.0,Coconut
13283,3550.0,27.0,67.0,Coconut
52119,3654.0,27.2,62.0,Coconut
725,3654.0,27.2,32.0,Coconut
12885,3654.0,27.2,22.0,Coconut
51179,233.0,27.1,25.0,Coconut
468,233.0,27.1,4.0,Coconut
11841,233.0,27.1,9.0,Coconut
50975,234.0,26.8,12.0,Coconut
206,234.0,26.8,2089.0,Coconut
10922,234.0,26.8,2810.0,Coconut
51390,3105.0,37.0,841.0,Coconut
177,3105.0,37.0,3550.0,Coconut
10723,3105.0,37.0,109.0,Coconut
51709,236.0,38.0,3368.0,Coconut
146,236.0,38.0,3671.0,Coconut
10910,2903.1,38.0,2404.0,Coconut
51355,2903.1,39.0,2805.0,Cocoa
160,2903.1,39.0,2331.0,Cocoa
10912,2996.6,39.0,2088.0,Cocoa
51353,2996.6,40.0,2628.0,Cocoa
142,2996.6,40.0,1939.0,Cocoa
10505,3522.8,40.0,1871.0,Cocoa
51040,3522.8,41.0,1868.0,Coffee
154,3522.8,41.0,127919.0,Coffee
10318,2903.1,41.0,75340.0,Coffee
48083,2903.1,42.0,29170.0,Coffee
143,2903.1,42.0,1901.0,Coffee
9283,2996.6,42.0,972.0,Coffee
47200,2996.6,43.0,874.0,Coffee
158,2996.6,27.0,592.0,Coffee
8982,3522.8,27.0,864.0,Coffee
46990,3522.8,27.0,5373.0,Coffee
103,3522.8,27.0,6589.0,Coffee
8239,3729.8,27.0,5107.0,Coffee
44563,3729.8,27.0,5518.0,Coffee
96,3729.8,27.2,4912.0,Coffee
6949,2746.2,27.2,3830.0,Coffee
44663,2746.2,27.2,4.0,Cardamum
110,2746.2,27.0,9.0,Cardamum
6824,3360.0,27.0,12.0,Cardamum
43013,3360.0,27.0,2089.0,Cardamum
95,3360.0,27.0,2810.0,Cardamum
6441,3605.4,27.0,841.0,Cardamum
4012,3605.4,27.0,3550.0,Cardamum
4877,3605.4,27.2,109.0,Cardamum
4930,3512.4,27.2,3368.0,Cardamum
4954,3512.4,27.2,3671.0,Cardamum
5019,3512.4,27.1,2404.0,Cardamum
5127,3296.0,27.1,2805.0,Cardamum
5174,3296.0,27.1,2331.0,Cardamum
5294,3296.0,26.8,2088.0,Cardamum
5474,3550.0,26.8,2628.0,Cardamum
5864,3550.0,26.8,1939.0,Pepper
7028,3550.0,37.0,1871.0,Pepper
7403,3654.0,37.0,1868.0,Pepper
7501,3654.0,37.0,127919.0,Pepper
7714,3654.0,38.0,75340.0,Pepper
7856,233.0,38.0,29170.0,Pepper
32,233.0,38.0,1901.0,Pepper
1,233.0,39.0,972.0,Pepper
30,234.0,39.0,874.0,Pepper
6,234.0,39.0,592.0,Pepper
15,234.0,40.0,864.0,Pepper
4,3105.0,40.0,5373.0,Pepper
39,3105.0,40.0,6589.0,Pepper
6,3105.0,41.0,5107.0,Pepper
12,236.0,41.0,5518.0,Pepper
3,236.0,41.0,4912.0,Arecanut
17,2903.1,42.0,3830.0,Arecanut
3,2903.1,42.0,4.0,Arecanut
9,2903.1,42.0,9.0,Arecanut
21,2996.6,43.0,12.0,Arecanut
11,2996.6,43.0,2089.0,Arecanut
4,2996.6,128.0,2810.0,Arecanut
15,3522.8,129.0,841.0,Arecanut
8,3522.8,130.0,3550.0,Arecanut
29,3522.8,131.0,109.0,Arecanut
1,2903.1,132.0,3368.0,Arecanut
13736,2903.1,133.0,3671.0,Arecanut
14003,2903.1,134.0,2404.0,Arecanut
14179,2996.6,135.0,2805.0,Arecanut
14319,2996.6,136.0,2331.0,Arecanut
14464,2996.6,137.0,2088.0,Ginger
14876,3522.8,138.0,2628.0,Ginger
14976,3522.8,139.0,1939.0,Ginger
15009,3522.8,140.0,1871.0,Ginger
15114,3729.8,141.0,1868.0,Ginger
16224,3729.8,142.0,127919.0,Ginger
17095,3729.8,143.0,75340.0,Ginger
17512,2746.2,144.0,29170.0,Ginger
17587,2746.2,145.0,1901.0,Ginger
17771,2746.2,146.0,972.0,Ginger
17825,3360.0,147.0,874.0,Ginger
3147,3360.0,148.0,592.0,Ginger
2578,3360.0,149.0,864.0,Ginger
1591,3605.4,150.0,5373.0,Ginger
1298,3605.4,151.0,6589.0,Ginger
4,2903.1,152.0,5107.0,Tea
1122,2903.1,153.0,5518.0,Tea
917,2903.1,154.0,4912.0,Tea
819,2996.6,155.0,3830.0,Tea
619,2996.6,156.0,313547.0,Tea
391,2996.6,157.0,2783.0,Tea
211,3522.8,158.0,1533.0,Tea
153,3522.8,159.0,1647.0,Tea
111,3522.8,160.0,975.0,Tea
76,3729.8,161.0,2.0,Tea
53,2903.1,162.0,836.0,Tea
2688,2903.1,163.0,806.0,Tea
2311,2903.1,164.0,880.0,Tea
2188,2996.6,165.0,770.0,Tea
1998,2996.6,166.0,395.0,Tea
2006,2996.6,167.0,187.0,Paddy
2034,3522.8,168.0,187.0,Paddy
2035,3522.8,169.0,121.0,Paddy
2074,3522.8,170.0,103.0,Paddy
2127,3729.8,171.0,71.0,Paddy
2090,3729.8,172.0,3961.0,Paddy
2059,3729.8,173.0,4247.0,Paddy
2050,2746.2,174.0,3290.0,Paddy
1865,2746.2,175.0,3138.0,Paddy
1841,2746.2,176.0,3423.0,Paddy
1799,3360.0,177.0,3899.0,Paddy
1468,3360.0,178.0,4015.0,Paddy
568,3360.0,179.0,4279.0,Paddy
407,3605.4,180.0,4167.0,Paddy
177,3605.4,181.0,4479.0,Paddy
51,3605.4,182.0,3699.0,Groundnut
173,3512.4,183.0,4904.0,Groundnut
201,3512.4,184.0,2821.0,Groundnut
206,3512.4,185.0,3472.0,Groundnut
243,3296.0,186.0,3647.0,Groundnut
123,3296.0,187.0,393.0,Groundnut
82,3296.0,188.0,167.0,Groundnut
74,3550.0,189.0,71.0,Groundnut
18,3550.0,190.0,52.0,Groundnut
37,3550.0,191.0,313547.0,Groundnut
35,3654.0,192.0,2783.0,Groundnut
5974,3654.0,193.0,1533.0,Groundnut
6631,3654.0,194.0,1647.0,Groundnut
6705,233.0,195.0,975.0,Groundnut
5876,233.0,196.0,2.0,Groundnut
326,233.0,197.0,836.0,Blackgram
6470,234.0,198.0,806.0,Blackgram
1279,234.0,199.0,880.0,Blackgram
13283,234.0,200.0,770.0,Blackgram
52119,3105.0,201.0,395.0,Blackgram
725,3105.0,202.0,187.0,Blackgram
12885,3105.0,203.0,187.0,Blackgram
51179,236.0,204.0,121.0,Blackgram
468,236.0,205.0,103.0,Blackgram
11841,2903.1,206.0,71.0,Blackgram
50975,2903.1,207.0,3961.0,Blackgram
206,2903.1,208.0,4247.0,Blackgram
10922,2996.6,209.0,3290.0,Blackgram
51390,2996.6,210.0,3138.0,Blackgram
177,2996.6,211.0,3423.0,Blackgram
10723,3522.8,212.0,3899.0,Cashew
51709,3522.8,213.0,4015.0,Cashew
146,3522.8,214.0,4279.0,Cashew
10910,3729.8,215.0,4167.0,Cashew
51355,3729.8,216.0,4479.0,Cashew
160,3729.8,217.0,3699.0,Cashew
10912,2746.2,218.0,4904.0,Cashew
51353,2746.2,219.0,2821.0,Cashew
142,2746.2,220.0,3472.0,Cashew
10505,3360.0,221.0,3647.0,Cashew
51040,3360.0,222.0,393.0,Cashew
154,3360.0,27.0,167.0,Cashew
10318,3605.4,27.0,71.0,Cashew
48083,3605.4,27.0,52.0,Cashew
143,3605.4,27.0,2570.0,Cashew
9283,3512.4,27.0,27170.0,Coconut
47200,3512.4,27.2,114744.0,Coconut
158,3512.4,27.2,1402.0,Coconut
8982,3296.0,27.2,23456.0,Coconut
46990,3296.0,27.0,107809.0,Coconut
103,3296.0,27.0,1132.0,Coconut
8239,3550.0,27.0,23960.0,Coconut
44563,3550.0,27.0,126487.0,Coconut
96,3550.0,27.0,804.0,Coconut
